{"stat.cakeSlicesEaten":39,"stat.pickup.minecraft.bone":9,"stat.leaveGame":1,"stat.mineBlock.minecraft.pumpkin":5,"stat.mineBlock.minecraft.cobblestone":28,"stat.pickup.minecraft.stone_pickaxe":1,"stat.killEntity.Human":44,"stat.useItem.minecraft.diamond_sword":52,"stat.swimOneCm":9836,"stat.climbOneCm":53473,"stat.useItem.minecraft.planks":3,"stat.pickup.minecraft.cooked_porkchop":18,"stat.pickup.minecraft.porkchop":24,"stat.pickup.minecraft.blaze_powder":15,"stat.useItem.minecraft.stone_slab2":42,"stat.pickup.minecraft.rotten_flesh":11,"stat.useItem.inspirations.carrot_seeds":1,"stat.pickup.darkutils.trap_move":3,"stat.entityKilledBy.Spider":1,"stat.useItem.xlfoodmod.corn_seeds":1,"stat.craftItem.minecraft.stone_pickaxe":4,"stat.craftItem.minecraft.cooked_beef":17,"stat.killEntity.Enderman":4,"stat.pickup.minecraft.cobblestone":106,"stat.craftItem.minecraft.stone_sword":19,"stat.flyOneCm":92953,"stat.timeSinceDeath":45585,"stat.hopperInspected":2,"stat.killEntity.ranged_rogue_android":18,"stat.furnaceInteraction":90,"stat.useItem.minecraft.cooked_porkchop":1,"stat.useItem.statues.blockplayerstatue":5,"stat.killEntity.ZombieVillager":1,"stat.killEntity.Creeper":72,"stat.useItem.xlfoodmod.coffee":1,"stat.pickup.minecraft.string":3,"stat.pickup.sky_orchards.amber_iron":1,"stat.pickup.minecraft.beef":17,"stat.pickup.xlfoodmod.corn_seeds":12,"stat.entityKilledBy.Skeleton":1,"stat.craftItem.minecraft.stone_slab2":0,"stat.sprintOneCm":259815,"stat.mineBlock.minecraft.stone_slab":2,"stat.pickup.minecraft.skull":1,"stat.craftItem.minecraft.stick":128,"stat.pickup.deepmoblearning.soot_covered_redstone":8,"stat.pickup.integrateddynamics.menril_log":2,"stat.useItem.minecraft.wheat_seeds":15,"stat.useItem.minecraft.carrot":20,"stat.useItem.minecraft.dye":331,"stat.deaths":20,"stat.mineBlock.minecraft.planks":1,"stat.drop":2,"stat.playOneMinute":250316,"stat.pickup.xlfoodmod.raw_corn":11,"stat.pickup.minecraft.iron_block":1,"stat.killEntity.Zombie":42,"stat.craftItem.minecraft.dye":279,"stat.diveOneCm":1619,"stat.pickup.minecraft.wheat":190,"stat.chestOpened":153,"stat.pickup.minecraft.pumpkin":5,"stat.craftItem.minecraft.cooked_porkchop":37,"stat.pickup.morecauldrons.cobble_cauldron":1,"stat.useItem.minecraft.apple":12,"stat.mineBlock.sky_orchards.leaves_iron":9,"stat.craftItem.minecraft.coal":1,"stat.useItem.sky_orchards.leaves_iron":10,"stat.useItem.xlfoodmod.raw_corn":1,"stat.pickup.minecraft.diamond_sword":2,"stat.jump":2609,"stat.fallOneCm":471944,"stat.pickup.minecraft.iron_ingot":7,"stat.pickup.minecraft.carrot":77,"stat.drop.minecraft.diamond_sword":2,"stat.pickup.minecraft.gunpowder":52,"stat.crouchOneCm":25774,"stat.craftItem.minecraft.iron_ingot":63,"stat.craftItem.minecraft.chest":9,"stat.pickup.minecraft.dirt":3,"stat.craftItem.minecraft.hopper":12,"stat.damageTaken":7491,"stat.pickup.minecraft.leather":7,"stat.mineBlock.minecraft.torch":4,"stat.pickup.mysticalagriculture.crafting":9,"stat.pickup.minecraft.wheat_seeds":256,"stat.craftItem.sky_orchards.acorn_iron":168,"stat.useItem.minecraft.stone_pickaxe":43,"stat.useItem.minecraft.stone_sword":950,"stat.pickup.statues.blockplayerstatue":11,"stat.damageDealt":26531,"stat.pickup.thermaldynamics.duct_16":1,"stat.sleepInBed":2,"stat.killEntity.Cow":8,"stat.mineBlock.minecraft.dirt":2,"stat.pickup.sky_orchards.acorn_iron":102,"stat.killEntity.Pig":11,"stat.craftItem.minecraft.iron_sword":2,"stat.walkOneCm":985115,"stat.useItem.minecraft.torch":2,"stat.animalsBred":25,"stat.pickup.inspirations.carrot_seeds":6,"stat.pickup.minecraft.stick":64,"stat.useItem.minecraft.log":4,"stat.useItem.minecraft.cobblestone":471,"stat.pickup.minecraft.log":305,"stat.useItem.sky_orchards.acorn_iron":11,"stat.pickup.cyclicmagic.auto_crafter":1,"stat.pickup.matteroverdrive.rogue_android_part":1,"stat.pickup.minecraft.hopper":1,"stat.killEntity.Skeleton":54,"stat.craftItem.minecraft.planks":344,"stat.useItem.minecraft.iron_sword":220,"stat.killEntity.rogue_android":17,"stat.killEntity.Spider":3,"stat.pickup.minecraft.stone_sword":2,"stat.mobKills":270,"stat.mineBlock.minecraft.log":3,"stat.useItem.minecraft.stone_hoe":2,"stat.pickup.minecraft.torch":5,"stat.sneakTime":6418,"stat.pickup.minecraft.stone_slab":1}