{"stat.mineBlock.sky_orchards.log_coal":51,"stat.craftItem.sky_orchards.sapling_cottonwood":1,"stat.craftItem.sky_orchards.sapling_sand":1,"stat.pickup.minecraft.wooden_slab":63,"stat.leaveGame":4,"stat.pickup.xlfoodmod.coffee":1,"stat.useItem.thermalfoundation.tool.axe_tin":717,"stat.pickup.minecraft.lapis_block":8,"stat.entityKilledBy.Human":1,"stat.pickup.rustic.crushing_tub":1,"stat.pickup.sky_orchards.resin_lead":2,"stat.useItem.minecraft.planks":7,"stat.mineBlock.sky_orchards.log_dirt":56,"stat.pickup.rustic.chair_oak":1,"stat.pickup.sky_orchards.resin_cottonwood":27,"stat.pickup.minecraft.leaves2":23,"stat.useItem.minecraft.water_bucket":6,"stat.drop.sky_orchards.sapling_petrified":1,"stat.pickup.minecraft.rotten_flesh":4,"stat.pickup.sky_orchards.sapling_dirt":200,"stat.craftItem.minecraft.stone_axe":5,"stat.mineBlock.minecraft.wooden_slab":63,"stat.craftItem.tconstruct.casting":1,"stat.pickup.tconstruct.slime":1,"stat.pickup.integrateddynamics.menril_sapling":1,"stat.pickup.integrateddynamics.menril_berries":6,"stat.pickup.sky_orchards.resin_petrified":66,"stat.hopperInspected":1,"stat.pickup.tconstruct.slime_sapling":5,"stat.drop.sky_orchards.sapling_iron":1,"stat.pickup.integrateddynamics.menril_leaves":12,"stat.furnaceInteraction":158,"stat.killEntity.ZombieVillager":1,"stat.pickup.xlfoodmod.lettuce_seeds":3,"stat.craftItem.thermalfoundation.material":27,"stat.craftItem.sky_orchards.acorn_dirt":2,"stat.mineBlock.minecraft.lapis_block":8,"stat.drop.minecraft.wooden_pressure_plate":1,"stat.pickup.sky_orchards.acorn_coal":136,"stat.drop.sky_orchards.acorn_dirt":4,"stat.pickup.sky_orchards.acorn_dirt":208,"stat.pickup.inspirations.potato_seeds":4,"stat.pickup.sky_orchards.sapling_coal":42,"stat.pickup.sky_orchards.leaves_lapis":8,"stat.mineBlock.minecraft.fence":1,"stat.craftItem.minecraft.sand":92,"stat.pickup.minecraft.pumpkin_seeds":1,"stat.craftItem.morecauldrons.cobble_cauldron":1,"stat.useItem.minecraft.dye":216,"stat.deaths":18,"stat.pickup.sky_orchards.leaves_dirt":2,"stat.playOneMinute":451001,"stat.pickup.tconstruct.rack":2,"stat.useItem.sky_orchards.acorn_dirt":1,"stat.pickup.sky_orchards.sapling_lapis":3,"stat.drop.minecraft.torch":1,"stat.drop.minecraft.iron_ingot":2,"stat.mineBlock.minecraft.tallgrass":168,"stat.useItem.sky_orchards.sapling_sand":62,"stat.pickup.tconstruct.seared":3,"stat.chestOpened":1026,"stat.pickup.inspirations.stone_crook":1,"stat.craftItem.minecraft.sign":3,"stat.pickup.tp.toasted_bread":1,"stat.drop.minecraft.hopper":4,"stat.pickup.minecraft.arrow":5,"stat.pickup.minecraft.wooden_pressure_plate":7,"stat.pickup.sky_orchards.acorn_petrified":106,"stat.craftItem.sky_orchards.sapling_diamond":2,"stat.useItem.inspirations.wooden_crook":412,"stat.useItem.minecraft.clay":26,"stat.pickup.sky_orchards.resin_sand":407,"stat.craftItem.minecraft.coal":55,"stat.useItem.sky_orchards.sapling_gravel":27,"stat.useItem.sky_orchards.amber_silver":1,"stat.fallOneCm":556560,"stat.craftItem.sky_orchards.sapling_redstone":1,"stat.pickup.minecraft.melon_seeds":1,"stat.crouchOneCm":104511,"stat.craftItem.minecraft.iron_ingot":19,"stat.craftItem.minecraft.chest":15,"stat.pickup.bonsaitrees.bonsaipot":5,"stat.pickup.sky_orchards.resin_lapis":10,"stat.craftItem.minecraft.hopper":3,"stat.craftingTableInteraction":18,"stat.drop.integrateddynamics.menril_sapling":1,"stat.mineBlock.minecraft.wooden_pressure_plate":9,"stat.mineBlock.sky_orchards.leaves_sand":55,"stat.pickup.sky_orchards.sapling_sand":169,"stat.craftItem.tconstruct.materials":144,"stat.pickup.minecraft.dye":247,"stat.pickup.minecraft.planks":18,"stat.pickup.rustic.fertile_soil":4,"stat.pickup.minecraft.wheat_seeds":65,"stat.craftItem.tconstruct.seared_tank":2,"stat.useItem.minecraft.stone_pickaxe":22,"stat.drop.tconstruct.seared":12,"stat.mineBlock.sky_orchards.log_bone":197,"stat.mineBlock.minecraft.dirt":16,"stat.drop.advancementbook.advancement_book":3,"stat.craftItem.sky_orchards.amber_tin":47,"stat.drop.minecraft.stick":2,"stat.mineBlock.sky_orchards.leaves_lapis":7,"stat.useItem.minecraft.torch":36,"stat.pickup.sky_orchards.leaves_clay":1,"stat.useItem.sky_orchards.leaves_lapis":3,"stat.pickup.inspirations.carrot_seeds":5,"stat.drop.minecraft.rotten_flesh":1,"stat.pickup.advancementbook.advancement_book":1,"stat.useItem.minecraft.log":10,"stat.pickup.minecraft.crafting_table":1,"stat.craftItem.minecraft.crafting_table":11,"stat.craftItem.ceramics.clay_bucket":3,"stat.pickup.minecraft.log":943,"stat.drop.sky_orchards.acorn_gravel":1,"stat.pickup.sky_orchards.resin_gravel":204,"stat.pickup.matteroverdrive.rogue_android_part":3,"stat.pickup.sky_orchards.acorn_sand":354,"stat.drop.minecraft.sapling":3,"stat.pickup.minecraft.hopper":1,"stat.pickup.minecraft.sapling":23,"stat.drop.sky_orchards.sapling_lapis":2,"stat.pickup.minecraft.apple":10,"stat.craftItem.tconstruct.smeltery_controller":1,"stat.pickup.thermalfoundation.tool.axe_tin":1,"stat.mineBlock.sky_orchards.sapling_gravel":1,"stat.craftItem.minecraft.bucket":1,"stat.craftItem.minecraft.planks":732,"stat.killEntity.rogue_android":1,"stat.craftItem.minecraft.dirt":187,"stat.pickup.morecauldrons.oak_cauldron":1,"stat.mineBlock.minecraft.log":27,"stat.mineBlock.sky_orchards.log_clay":22,"stat.useItem.minecraft.stone_hoe":3,"stat.pickup.rustic.sapling_apple":6,"stat.pickup.sky_orchards.acorn_lapis":27,"stat.useItem.sky_orchards.sapling_coal":15,"stat.pickup.minecraft.red_flower":9,"stat.sneakTime":23809,"stat.mineBlock.sky_orchards.log_cottonwood":16,"stat.pickup.sky_orchards.sapling_diamond":7,"stat.useItem.minecraft.wooden_axe":86,"stat.pickup.minecraft.stone_slab":5,"stat.pickup.minecraft.yellow_flower":16,"stat.craftItem.slabmachines.workbench_slab":4,"stat.craftItem.minecraft.cobblestone":23,"stat.useItem.sky_orchards.sapling_dirt":7,"stat.drop.minecraft.wooden_axe":1,"stat.craftItem.tconstruct.slime":3,"stat.useItem.minecraft.lapis_block":6,"stat.pickup.minecraft.bone":5,"stat.craftItem.ceramics.unfired_clay":3,"stat.craftItem.tconstruct.edible":9,"stat.mineBlock.sky_orchards.leaves_gravel":147,"stat.drop.tconstruct.slime_sapling":4,"stat.pickup.minecraft.flint":65,"stat.mineBlock.minecraft.yellow_flower":16,"stat.killEntity.Human":1,"stat.craftItem.tconstruct.faucet":2,"stat.pickup.sky_orchards.resin_dirt":233,"stat.drop.thermalfoundation.material":2,"stat.craftItem.minecraft.wool":4,"stat.pickup.pickletweaks.coal_piece":16,"stat.craftItem.sky_orchards.amber_iron":60,"stat.swimOneCm":5703,"stat.climbOneCm":5930,"stat.mineBlock.sky_orchards.amber_silver":1,"stat.drop.minecraft.cobblestone":3,"stat.mineBlock.morecauldrons.oak_cauldron":1,"stat.craftItem.inspirations.stone_crook":12,"stat.useItem.sky_orchards.sapling_bone":26,"stat.useItem.minecraft.dirt":124,"stat.useItem.minecraft.stone_slab2":119,"stat.entityKilledBy.ranged_rogue_android":1,"stat.pickup.forge.bucketfilled":1,"stat.craftItem.minecraft.lapis_block":7,"stat.craftItem.minecraft.bone_block":9,"stat.craftItem.sky_orchards.sapling_bone":4,"stat.useItem.minecraft.leaves2":15,"stat.craftItem.minecraft.stone_pickaxe":1,"stat.mineBlock.sky_orchards.leaves_dirt":149,"stat.pickup.minecraft.cobblestone":11,"stat.craftItem.sky_orchards.amber_gold":11,"stat.mineBlock.minecraft.clay":29,"stat.flyOneCm":90596,"stat.craftItem.minecraft.glass_bottle":3,"stat.mineBlock.sky_orchards.leaves_coal":151,"stat.pickup.sky_orchards.sapling_lead":1,"stat.pickup.sky_orchards.resin_coal":80,"stat.craftItem.minecraft.wooden_slab":1476,"stat.craftItem.sky_orchards.amber_lapis":2,"stat.pickup.sky_orchards.sapling_petrified":74,"stat.mineBlock.morecauldrons.cobble_cauldron":2,"stat.timeSinceDeath":15279,"stat.mineBlock.sky_orchards.leaves_cottonwood":100,"stat.useItem.minecraft.sign":1,"stat.useItem.minecraft.wooden_slab":1412,"stat.killEntity.ranged_rogue_android":2,"stat.useItem.sky_orchards.leaves_gravel":4,"stat.useItem.slabmachines.workbench_slab":2,"stat.pickup.minecraft.wooden_axe":2,"stat.craftItem.tconstruct.slime_dirt":4,"stat.craftItem.tconstruct.seared":24,"stat.pickup.tconstruct.soil":48,"stat.useItem.tconstruct.rack":2,"stat.drop.sky_orchards.sapling_bone":2,"stat.pickup.sky_orchards.acorn_lead":2,"stat.drop.sky_orchards.sapling_cottonwood":5,"stat.killEntity.Creeper":10,"stat.craftItem.minecraft.stone_hoe":2,"stat.useItem.xlfoodmod.coffee":2,"stat.craftItem.tconstruct.soil":80,"stat.pickup.minecraft.string":11,"stat.craftItem.thermalfoundation.tool.axe_tin":20,"stat.mineBlock.sky_orchards.leaves_clay":36,"stat.craftItem.minecraft.stone_slab2":0,"stat.pickup.sky_orchards.sapling_cottonwood":12,"stat.drop.minecraft.obsidian":1,"stat.craftItem.tconstruct.stone_stick":20,"stat.craftItem.tconstruct.tooltables":8,"stat.sprintOneCm":667254,"stat.mineBlock.minecraft.stone_slab":3,"stat.drop.thermalfoundation.tool.axe_tin":3,"stat.craftItem.minecraft.stick":124,"stat.craftItem.minecraft.wooden_axe":5,"stat.useItem.minecraft.stone_slab":2,"stat.useItem.carryon.tile_item":1,"stat.useItem.integrateddynamics.menril_leaves":3,"stat.mineBlock.sky_orchards.leaves_petrified":287,"stat.pickup.integrateddynamics.menril_log":6,"stat.mineBlock.minecraft.crafting_table":1,"stat.pickup.sky_orchards.leaves_gravel":5,"stat.pickup.inspirations.wooden_crook":2,"stat.craftItem.minecraft.wooden_pressure_plate":9,"stat.pickup.sky_orchards.amber_silver":1,"stat.mineBlock.minecraft.planks":4,"stat.drop":67,"stat.useItem.tconstruct.slime_leaves":8,"stat.mineBlock.rustic.leaves_apple":29,"stat.useItem.tconstruct.seared":16,"stat.useItem.minecraft.ladder":3,"stat.pickup.sky_orchards.leaves_lead":1,"stat.mineBlock.bonsaitrees.bonsaipot":4,"stat.killEntity.Zombie":1,"stat.craftItem.minecraft.dye":185,"stat.craftItem.minecraft.clay":29,"stat.pickup.integrateddynamics.crystalized_menril_chunk":9,"stat.diveOneCm":2966,"stat.pickup.minecraft.wheat":79,"stat.useItem.inspirations.stone_crook":586,"stat.pickup.tconstruct.tooltables":2,"stat.pickup.sky_orchards.acorn_cottonwood":13,"stat.craftItem.minecraft.ladder":6,"stat.mineBlock.sky_orchards.leaves_bone":72,"stat.pickup.minecraft.stone_axe":1,"stat.mineBlock.tconstruct.slime_leaves":11,"stat.pickup.morecauldrons.cobble_cauldron":2,"stat.useItem.bonsaitrees.bonsaipot":2,"stat.useItem.minecraft.apple":11,"stat.pickup.minecraft.obsidian":1,"stat.craftItem.sky_orchards.sapling_coal":4,"stat.pickup.sky_orchards.resin_clay":47,"stat.jump":1492,"stat.craftItem.tconstruct.rack":3,"stat.pickup.minecraft.fence":1,"stat.pickup.minecraft.iron_ingot":1,"stat.useItem.tconstruct.tooltables":2,"stat.useItem.minecraft.stone_axe":203,"stat.pickup.minecraft.gunpowder":9,"stat.pickup.minecraft.spider_eye":2,"stat.craftItem.minecraft.torch":152,"stat.mineBlock.sky_orchards.log_sand":262,"stat.pickup.minecraft.dirt":40,"stat.craftItem.sky_orchards.sapling_lapis":3,"stat.pickup.sky_orchards.resin_bone":295,"stat.useItem.minecraft.sapling":1,"stat.drop.inspirations.stone_crook":2,"stat.pickup.inspirations.sugar_cane_seeds":2,"stat.mineBlock.tconstruct.tooltables":2,"stat.mineBlock.minecraft.leaves2":13,"stat.damageTaken":5897,"stat.mineBlock.minecraft.torch":10,"stat.mineBlock.minecraft.red_flower":8,"stat.pickup.minecraft.log2":3,"stat.pickup.mysticalagriculture.crafting":4,"stat.craftItem.sky_orchards.amber_lead":5,"stat.pickup.sky_orchards.sapling_clay":57,"stat.damageDealt":4894,"stat.craftItem.minecraft.glass":9,"stat.craftItem.minecraft.gravel":20,"stat.pickup.sky_orchards.acorn_bone":209,"stat.walkOneCm":1207381,"stat.pickup.ceramics.clay_bucket":4,"stat.useItem.morecauldrons.oak_cauldron":1,"stat.animalsBred":1,"stat.craftItem.tconstruct.smeltery_io":2,"stat.useItem.minecraft.chest":1,"stat.pickup.minecraft.stick":45,"stat.pickup.sky_orchards.sapling_bone":113,"stat.pickup.minecraft.clay_ball":116,"stat.craftItem.inspirations.wooden_crook":14,"stat.pickup.sky_orchards.acorn_clay":94,"stat.pickup.rustic.apple_seeds":10,"stat.pickup.sky_orchards.leaves_sand":1,"stat.craftItem.sky_orchards.amber_gravel":2,"stat.craftItem.morecauldrons.oak_cauldron":3,"stat.craftItem.sky_orchards.amber_silver":3,"stat.mineBlock.sky_orchards.log_gravel":130,"stat.drop.inspirations.wooden_crook":3,"stat.pickup.sky_orchards.acorn_gravel":190,"stat.mineBlock.rustic.chair_oak":1,"stat.pickup.sky_orchards.sapling_gravel":110,"stat.mineBlock.integrateddynamics.menril_leaves":5,"stat.killEntity.Skeleton":2,"stat.killEntity.Spider":3,"stat.mobKills":27,"stat.craftItem.farmingforblockheads.market":2,"stat.mineBlock.minecraft.leaves":87,"stat.pickup.minecraft.beetroot_seeds":1,"stat.mineBlock.rustic.crushing_tub":1,"stat.pickup.minecraft.torch":11,"stat.drop.sky_orchards.acorn_clay":2,"stat.mineBlock.tconstruct.seared":2,"stat.craftItem.minecraft.brick":32,"stat.mineBlock.sky_orchards.log_petrified":35,"stat.useItem.rustic.apple_seeds":1}