{"stat.pickup.minecraft.wooden_slab":6,"stat.leaveGame":6,"stat.mineBlock.sky_orchards.leaves_gravel":5,"stat.useItem.tconstruct.mattock":23,"stat.pickup.minecraft.flint":4,"stat.craftItem.tconstruct.faucet":4,"stat.drop.sky_orchards.resin_coal":2,"stat.pickup.sky_orchards.resin_dirt":85,"stat.pickup.pickletweaks.coal_piece":11,"stat.craftItem.sky_orchards.amber_iron":103,"stat.swimOneCm":972,"stat.pickup.tconstruct.faucet":1,"stat.useItem.minecraft.planks":1,"stat.craftItem.sky_orchards.sapling_petrified":1,"stat.drop.minecraft.cobblestone":4,"stat.mineBlock.sky_orchards.log_dirt":5,"stat.useItem.minecraft.dirt":5,"stat.useItem.minecraft.stone_slab2":88,"stat.pickup.minecraft.leaves2":26,"stat.craftItem.sky_orchards.amber_clay":43,"stat.craftItem.minecraft.furnace":4,"stat.craftItem.sky_orchards.sapling_gravel":2,"stat.pickup.sky_orchards.sapling_dirt":72,"stat.craftItem.minecraft.bone_block":12,"stat.craftItem.minecraft.stone_axe":2,"stat.pickup.tp.cobblegen_block":1,"stat.mineBlock.sky_orchards.leaves_dirt":11,"stat.pickup.minecraft.cobblestone":10,"stat.mineBlock.minecraft.wooden_slab":6,"stat.craftItem.tconstruct.casting":1,"stat.mineBlock.minecraft.clay":3,"stat.flyOneCm":9040,"stat.pickup.integrateddynamics.menril_sapling":1,"stat.mineBlock.sky_orchards.leaves_coal":1,"stat.pickup.sky_orchards.resin_coal":13,"stat.craftItem.minecraft.wooden_slab":216,"stat.pickup.sky_orchards.resin_petrified":26,"stat.pickup.sky_orchards.sapling_petrified":52,"stat.timeSinceDeath":166533,"stat.drop.minecraft.log":6,"stat.useItem.minecraft.wooden_slab":192,"stat.pickup.minecraft.wooden_axe":1,"stat.craftItem.tconstruct.seared":21,"stat.craftItem.tp.iron_cobblegen_block":1,"stat.drop.ceramics.clay_bucket":1,"stat.furnaceInteraction":118,"stat.useItem.tconstruct.rack":3,"stat.useItem.sky_orchards.sapling_clay":7,"stat.useItem.tp.toasted_bread":1,"stat.craftItem.tconstruct.soil":96,"stat.craftItem.thermalfoundation.material":16,"stat.pickup.minecraft.string":1,"stat.craftItem.sky_orchards.acorn_dirt":6,"stat.pickup.sky_orchards.acorn_coal":28,"stat.mineBlock.rustic.sapling_apple":2,"stat.mineBlock.sky_orchards.leaves_clay":10,"stat.drop.sky_orchards.acorn_petrified":1,"stat.craftItem.minecraft.stone_slab2":1,"stat.useItem.sky_orchards.sapling_petrified":14,"stat.craftItem.tconstruct.tooltables":10,"stat.pickup.sky_orchards.acorn_dirt":68,"stat.sprintOneCm":40579,"stat.pickup.sky_orchards.sapling_coal":8,"stat.craftItem.minecraft.stick":8,"stat.craftItem.minecraft.wooden_axe":1,"stat.useItem.carryon.tile_item":3,"stat.mineBlock.sky_orchards.leaves_petrified":194,"stat.craftItem.minecraft.sand":47,"stat.pickup.sky_orchards.leaves_gravel":1,"stat.pickup.sky_orchards.leaves_coal":9,"stat.pickup.inspirations.wooden_crook":1,"stat.craftItem.minecraft.clay_ball":224,"stat.useItem.minecraft.dye":54,"stat.mineBlock.minecraft.planks":1,"stat.deaths":1,"stat.drop":28,"stat.pickup.sky_orchards.leaves_dirt":5,"stat.playOneMinute":172292,"stat.useItem.rustic.fertile_soil":3,"stat.pickup.tconstruct.rack":6,"stat.craftItem.sky_orchards.sapling_clay":2,"stat.useItem.tconstruct.seared":4,"stat.useItem.sky_orchards.acorn_dirt":10,"stat.pickup.sky_orchards.sapling_lapis":4,"stat.mineBlock.bonsaitrees.bonsaipot":24,"stat.craftItem.minecraft.dye":108,"stat.craftItem.minecraft.clay":26,"stat.pickup.tconstruct.seared":2,"stat.chestOpened":312,"stat.pickup.tconstruct.tooltables":2,"stat.pickup.tconstruct.casting":2,"stat.drop.minecraft.hopper":2,"stat.craftItem.tp.cobblegen_block":2,"stat.pickup.minecraft.wooden_pressure_plate":9,"stat.pickup.sky_orchards.acorn_petrified":70,"stat.useItem.bonsaitrees.bonsaipot":35,"stat.useItem.minecraft.apple":2,"stat.useItem.inspirations.wooden_crook":199,"stat.useItem.minecraft.clay":2,"stat.pickup.sky_orchards.resin_sand":5,"stat.craftItem.minecraft.coal":85,"stat.mineBlock.tconstruct.faucet":1,"stat.pickup.sky_orchards.resin_clay":35,"stat.pickup.sky_orchards.leaves_iron":13,"stat.jump":354,"stat.useItem.sky_orchards.sapling_gravel":1,"stat.craftItem.tconstruct.rack":10,"stat.fallOneCm":138587,"stat.pickup.minecraft.iron_ingot":1,"stat.craftItem.bonsaitrees.bonsaipot":68,"stat.craftItem.minecraft.lever":1,"stat.crouchOneCm":16038,"stat.mineBlock.minecraft.chest":7,"stat.pickup.minecraft.spider_eye":1,"stat.craftItem.minecraft.chest":77,"stat.craftItem.minecraft.torch":4,"stat.craftItem.minecraft.iron_ingot":135,"stat.pickup.minecraft.dirt":50,"stat.pickup.bonsaitrees.bonsaipot":22,"stat.craftItem.minecraft.hopper":25,"stat.pickup.sky_orchards.resin_lapis":4,"stat.craftingTableInteraction":66,"stat.pickup.sky_orchards.sapling_sand":12,"stat.mineBlock.tconstruct.rack":8,"stat.drop.minecraft.leaves2":17,"stat.mineBlock.tconstruct.tooltables":2,"stat.pickup.minecraft.leaves":3,"stat.craftItem.tconstruct.pattern":52,"stat.mineBlock.minecraft.leaves2":5,"stat.damageTaken":764,"stat.mineBlock.minecraft.torch":6,"stat.craftItem.tconstruct.materials":16,"stat.drop.sky_orchards.sapling_gravel":1,"stat.pickup.minecraft.log2":10,"stat.pickup.minecraft.dye":33,"stat.pickup.minecraft.planks":42,"stat.pickup.sky_orchards.resin_iron":38,"stat.pickup.rustic.fertile_soil":19,"stat.mineBlock.sky_orchards.sapling_petrified":1,"stat.pickup.sky_orchards.sapling_clay":31,"stat.damageDealt":347,"stat.craftItem.minecraft.glass":31,"stat.mineBlock.minecraft.dirt":4,"stat.pickup.sky_orchards.acorn_iron":48,"stat.craftItem.minecraft.gravel":25,"stat.pickup.sky_orchards.acorn_bone":2,"stat.walkOneCm":525680,"stat.craftItem.sky_orchards.amber_petrified":42,"stat.useItem.minecraft.torch":9,"stat.useItem.minecraft.chest":42,"stat.pickup.sky_orchards.sapling_iron":15,"stat.craftItem.tconstruct.smeltery_io":1,"stat.mineBlock.sky_orchards.sapling_dirt":3,"stat.pickup.sky_orchards.leaves_clay":7,"stat.pickup.minecraft.stick":68,"stat.pickup.sky_orchards.sapling_bone":4,"stat.useItem.minecraft.log":5,"stat.pickup.minecraft.clay_ball":12,"stat.useItem.minecraft.cobblestone":1,"stat.craftItem.inspirations.wooden_crook":2,"stat.craftItem.minecraft.crafting_table":2,"stat.pickup.sky_orchards.acorn_clay":44,"stat.pickup.sky_orchards.leaves_sand":3,"stat.mineBlock.sky_orchards.sapling_coal":2,"stat.drop.tconstruct.soil":48,"stat.mineBlock.sky_orchards.sapling_clay":1,"stat.pickup.minecraft.log":192,"stat.useItem.tconstruct.faucet":1,"stat.mineBlock.rustic.fertile_soil":3,"stat.useItem.sky_orchards.acorn_iron":3,"stat.drop.sky_orchards.acorn_gravel":3,"stat.drop.inspirations.wooden_crook":2,"stat.pickup.sky_orchards.resin_gravel":8,"stat.craftItem.rustic.crushing_tub":2,"stat.pickup.sky_orchards.acorn_gravel":22,"stat.mineBlock.slabmachines.workbench_slab":4,"stat.useItem.tconstruct.pickaxe":14,"stat.useItem.slabmachines.furnace_slab":2,"stat.pickup.sky_orchards.acorn_sand":30,"stat.drop.minecraft.sapling":4,"stat.pickup.minecraft.sapling":14,"stat.useItem.minecraft.leaves":2,"stat.pickup.sky_orchards.sapling_gravel":15,"stat.pickup.minecraft.apple":28,"stat.pickup.slabmachines.workbench_slab":4,"stat.drop.sky_orchards.sapling_dirt":1,"stat.craftItem.minecraft.bucket":1,"stat.craftItem.minecraft.planks":240,"stat.killEntity.rogue_android":1,"stat.craftItem.minecraft.dirt":6,"stat.killEntity.Spider":1,"stat.drop.sky_orchards.resin_clay":1,"stat.craftItem.rustic.fertile_soil":42,"stat.useItem.minecraft.wooden_pressure_plate":8,"stat.mobKills":1,"stat.mineBlock.sky_orchards.log_clay":10,"stat.pickup.rustic.sapling_apple":3,"stat.pickup.sky_orchards.acorn_lapis":4,"stat.mineBlock.minecraft.leaves":3,"stat.craftItem.slabmachines.furnace_slab":8,"stat.useItem.integrateddynamics.menril_berries":1,"stat.pickup.minecraft.torch":6,"stat.drop.tconstruct.hatchet":2,"stat.mineBlock.tconstruct.seared":2,"stat.sneakTime":5296,"stat.mineBlock.tconstruct.casting":2,"stat.pickup.minecraft.lava_bucket":2,"stat.drop.minecraft.stone_axe":1,"stat.mineBlock.tp.cobblegen_block":1,"stat.useItem.minecraft.wooden_axe":15,"stat.craftItem.minecraft.brick":203,"stat.craftItem.minecraft.cobblestone":33,"stat.useItem.sky_orchards.sapling_dirt":2,"stat.drop.minecraft.wooden_axe":1,"stat.useItem.tconstruct.hatchet":24,"stat.pickup.minecraft.chest":13,"stat.useItem.rustic.apple_seeds":2}