{"stat.chestOpened":75,"stat.walkOneCm":101980,"stat.pickup.sky_orchards.leaves_clay":11,"stat.pickup.minecraft.stick":118,"stat.drop.minecraft.hopper":2,"stat.pickup.integrateddynamics.menril_leaves":40,"stat.pickup.sky_orchards.acorn_clay":33,"stat.pickup.sky_orchards.leaves_sand":9,"stat.pickup.sky_orchards.resin_dirt":18,"stat.pickup.sky_orchards.acorn_lead":1,"stat.pickup.pickletweaks.coal_piece":1,"stat.pickup.sky_orchards.resin_sand":25,"stat.pickup.minecraft.log":213,"stat.pickup.sky_orchards.resin_clay":23,"stat.pickup.rustic.leaves_apple":52,"stat.pickup.tconstruct.hatchet":3,"stat.pickup.sky_orchards.leaves_iron":9,"stat.jump":180,"stat.pickup.sky_orchards.resin_gravel":15,"stat.fallOneCm":1913,"stat.pickup.sky_orchards.acorn_coal":28,"stat.pickup.sky_orchards.acorn_gravel":22,"stat.pickup.sky_orchards.acorn_sand":29,"stat.pickup.minecraft.hopper":2,"stat.crouchOneCm":256,"stat.pickup.minecraft.sapling":2,"stat.pickup.sky_orchards.acorn_dirt":30,"stat.pickup.sky_orchards.sapling_coal":2,"stat.pickup.minecraft.apple":63,"stat.pickup.minecraft.leaves2":33,"stat.pickup.sky_orchards.resin_lapis":12,"stat.pickup.sky_orchards.sapling_sand":2,"stat.pickup.sky_orchards.leaves_lapis":7,"stat.pickup.integrateddynamics.menril_log":17,"stat.damageTaken":100,"stat.pickup.sky_orchards.leaves_gravel":7,"stat.pickup.minecraft.stone_sword":1,"stat.pickup.sky_orchards.leaves_coal":9,"stat.mobKills":1,"stat.pickup.minecraft.log2":18,"stat.pickup.sky_orchards.resin_iron":15,"stat.flyOneCm":346,"stat.pickup.sky_orchards.acorn_lapis":12,"stat.drop":4,"stat.pickup.sky_orchards.leaves_dirt":7,"stat.playOneMinute":39535,"stat.pickup.integrateddynamics.menril_berries":22,"stat.drop.tconstruct.hatchet":1,"stat.pickup.sky_orchards.resin_coal":17,"stat.pickup.sky_orchards.sapling_clay":1,"stat.sneakTime":94,"stat.pickup.sky_orchards.sapling_lapis":2,"stat.damageDealt":172,"stat.killEntity.Zombie":1,"stat.timeSinceDeath":39535,"stat.pickup.sky_orchards.acorn_iron":30,"stat.pickup.integrateddynamics.crystalized_menril_chunk":21,"stat.drop.minecraft.stick":1}