{"stat.mineBlock.sky_orchards.log_coal":108,"stat.drop.sky_orchards.resin_dirt":30,"stat.useItem.sky_orchards.sapling_cottonwood":1,"stat.leaveGame":5,"stat.mineBlock.minecraft.cobblestone":21,"stat.mineBlock.sky_orchards.leaves_gravel":96,"stat.pickup.minecraft.flint":15,"stat.pickup.sky_orchards.resin_dirt":491,"stat.useItem.thermalfoundation.tool.axe_tin":485,"stat.pickup.pickletweaks.coal_piece":39,"stat.swimOneCm":2845,"stat.useItem.minecraft.planks":13,"stat.mineBlock.sky_orchards.log_dirt":263,"stat.craftItem.inspirations.stone_crook":8,"stat.useItem.sky_orchards.sapling_bone":18,"stat.useItem.minecraft.dirt":1,"stat.pickup.rustic.chair_oak":5,"stat.useItem.minecraft.stone_slab2":66,"stat.entityKilledBy.ranged_rogue_android":1,"stat.pickup.sky_orchards.resin_cottonwood":1,"stat.pickup.minecraft.leaves2":82,"stat.pickup.minecraft.rotten_flesh":2,"stat.pickup.sky_orchards.sapling_dirt":354,"stat.craftItem.minecraft.stone_axe":18,"stat.useItem.minecraft.leaves2":42,"stat.craftItem.minecraft.stone_pickaxe":1,"stat.mineBlock.sky_orchards.leaves_dirt":1010,"stat.pickup.minecraft.cobblestone":24,"stat.craftItem.minecraft.stone_sword":2,"stat.flyOneCm":93210,"stat.mineBlock.sky_orchards.leaves_coal":91,"stat.pickup.integrateddynamics.menril_berries":23,"stat.useItem.rustic.chair_oak":7,"stat.pickup.sky_orchards.resin_coal":222,"stat.pickup.sky_orchards.resin_petrified":398,"stat.pickup.sky_orchards.sapling_petrified":128,"stat.timeSinceDeath":2985,"stat.drop.minecraft.log":28,"stat.killEntity.ranged_rogue_android":1,"stat.mineBlock.sky_orchards.sapling_sand":4,"stat.useItem.sky_orchards.leaves_gravel":16,"stat.drop.tconstruct.tooltables":1,"stat.pickup.minecraft.wooden_axe":1,"stat.pickup.thermalfoundation.material":2,"stat.pickup.integrateddynamics.menril_leaves":24,"stat.furnaceInteraction":3,"stat.useItem.sky_orchards.sapling_clay":61,"stat.killEntity.ZombieVillager":1,"stat.killEntity.Creeper":4,"stat.craftItem.thermalfoundation.tool.axe_tin":22,"stat.pickup.sky_orchards.acorn_coal":208,"stat.mineBlock.sky_orchards.leaves_clay":420,"stat.drop.sky_orchards.acorn_petrified":5,"stat.pickup.sky_orchards.sapling_cottonwood":3,"stat.craftItem.rustic.chair_oak":4,"stat.drop.sky_orchards.acorn_dirt":25,"stat.useItem.sky_orchards.sapling_petrified":42,"stat.pickup.sky_orchards.acorn_dirt":343,"stat.sprintOneCm":138514,"stat.pickup.sky_orchards.sapling_coal":59,"stat.mineBlock.minecraft.stone_slab":12,"stat.craftItem.minecraft.stick":24,"stat.craftItem.minecraft.wooden_axe":4,"stat.useItem.minecraft.stone_slab":49,"stat.pickup.sky_orchards.leaves_lapis":9,"stat.useItem.integrateddynamics.menril_leaves":5,"stat.mineBlock.sky_orchards.leaves_petrified":493,"stat.pickup.integrateddynamics.menril_log":13,"stat.useItem.sky_orchards.leaves_coal":31,"stat.pickup.sky_orchards.leaves_gravel":25,"stat.pickup.inspirations.wooden_crook":2,"stat.pickup.sky_orchards.leaves_coal":35,"stat.drop.sky_orchards.amber_lapis":2,"stat.useItem.minecraft.dye":3,"stat.useItem.sky_orchards.leaves_dirt":29,"stat.deaths":7,"stat.mineBlock.minecraft.planks":13,"stat.drop":30,"stat.pickup.sky_orchards.leaves_dirt":34,"stat.playOneMinute":239799,"stat.mineBlock.rustic.leaves_apple":10,"stat.killEntity.Zombie":3,"stat.pickup.integrateddynamics.crystalized_menril_chunk":16,"stat.diveOneCm":5692,"stat.useItem.sky_orchards.sapling_sand":30,"stat.chestOpened":284,"stat.useItem.inspirations.stone_crook":1730,"stat.pickup.tconstruct.tooltables":1,"stat.pickup.inspirations.stone_crook":2,"stat.mineBlock.sky_orchards.leaves_bone":158,"stat.useItem.sky_orchards.amber_lapis":2,"stat.pickup.minecraft.stone_axe":2,"stat.pickup.sky_orchards.acorn_petrified":137,"stat.useItem.minecraft.apple":5,"stat.drop.minecraft.flint":4,"stat.mineBlock.sky_orchards.leaves_iron":33,"stat.useItem.inspirations.wooden_crook":724,"stat.pickup.sky_orchards.resin_sand":384,"stat.craftItem.minecraft.coal":20,"stat.pickup.sky_orchards.resin_clay":435,"stat.drop.minecraft.apple":26,"stat.useItem.sky_orchards.leaves_iron":32,"stat.pickup.rustic.leaves_apple":27,"stat.pickup.sky_orchards.leaves_iron":62,"stat.jump":1263,"stat.useItem.sky_orchards.sapling_gravel":4,"stat.fallOneCm":954811,"stat.useItem.minecraft.stone_axe":732,"stat.drop.minecraft.stone_sword":1,"stat.crouchOneCm":55365,"stat.useItem.rustic.leaves_apple":7,"stat.craftItem.minecraft.chest":8,"stat.mineBlock.sky_orchards.log_sand":202,"stat.craftItem.minecraft.torch":96,"stat.pickup.minecraft.dirt":43,"stat.mineBlock.sky_orchards.amber_lapis":4,"stat.mineBlock.sky_orchards.sapling_bone":4,"stat.pickup.bonsaitrees.bonsaipot":1,"stat.pickup.sky_orchards.resin_lapis":10,"stat.craftingTableInteraction":4,"stat.mineBlock.sky_orchards.leaves_sand":250,"stat.pickup.sky_orchards.resin_bone":109,"stat.pickup.sky_orchards.sapling_sand":104,"stat.drop.minecraft.leaves2":4,"stat.pickup.minecraft.leaves":11,"stat.mineBlock.minecraft.leaves2":43,"stat.damageTaken":2469,"stat.mineBlock.minecraft.torch":11,"stat.drop.sky_orchards.sapling_gravel":3,"stat.pickup.minecraft.log2":41,"stat.pickup.minecraft.dye":26,"stat.pickup.mysticalagriculture.crafting":2,"stat.pickup.minecraft.planks":108,"stat.pickup.sky_orchards.resin_iron":137,"stat.useItem.minecraft.stone_pickaxe":36,"stat.pickup.sky_orchards.sapling_clay":187,"stat.pickup.statues.blockplayerstatue":3,"stat.useItem.minecraft.stone_sword":33,"stat.damageDealt":1796,"stat.mineBlock.sky_orchards.log_bone":67,"stat.pickup.sky_orchards.amber_lapis":5,"stat.mineBlock.minecraft.dirt":44,"stat.pickup.sky_orchards.acorn_iron":187,"stat.pickup.sky_orchards.acorn_bone":60,"stat.drop.minecraft.stick":6,"stat.craftItem.minecraft.stone_slab":126,"stat.mineBlock.sky_orchards.leaves_lapis":2,"stat.walkOneCm":888443,"stat.useItem.minecraft.torch":32,"stat.useItem.minecraft.chest":7,"stat.playerKills":1,"stat.pickup.sky_orchards.sapling_iron":14,"stat.mineBlock.sky_orchards.sapling_dirt":4,"stat.pickup.sky_orchards.leaves_clay":16,"stat.useItem.sky_orchards.leaves_lapis":2,"stat.pickup.minecraft.stick":351,"stat.pickup.sky_orchards.sapling_bone":53,"stat.useItem.minecraft.log":3,"stat.useItem.minecraft.cobblestone":418,"stat.craftItem.inspirations.wooden_crook":16,"stat.pickup.sky_orchards.acorn_clay":243,"stat.pickup.sky_orchards.leaves_sand":41,"stat.useItem.sky_orchards.leaves_clay":4,"stat.mineBlock.sky_orchards.sapling_clay":6,"stat.pickup.minecraft.log":1917,"stat.mineBlock.sky_orchards.log_gravel":29,"stat.drop.sky_orchards.acorn_gravel":3,"stat.pickup.sky_orchards.resin_gravel":109,"stat.pickup.sky_orchards.acorn_gravel":128,"stat.drop.minecraft.planks":30,"stat.pickup.sky_orchards.acorn_sand":243,"stat.drop.minecraft.sapling":1,"stat.pickup.minecraft.hopper":2,"stat.mineBlock.rustic.chair_oak":5,"stat.pickup.minecraft.sapling":11,"stat.useItem.minecraft.leaves":5,"stat.pickup.sky_orchards.sapling_gravel":26,"stat.pickup.minecraft.apple":48,"stat.mineBlock.integrateddynamics.menril_leaves":7,"stat.drop.sky_orchards.sapling_dirt":79,"stat.pickup.thermalfoundation.tool.axe_tin":2,"stat.craftItem.minecraft.planks":468,"stat.mobKills":10,"stat.mineBlock.minecraft.log":8,"stat.mineBlock.sky_orchards.log_clay":281,"stat.pickup.rustic.sapling_apple":2,"stat.pickup.sky_orchards.acorn_lapis":25,"stat.mineBlock.minecraft.leaves":11,"stat.pickup.minecraft.torch":9,"stat.drop.sky_orchards.acorn_clay":5,"stat.useItem.sky_orchards.sapling_coal":18,"stat.sneakTime":14627,"stat.useItem.minecraft.wooden_axe":93,"stat.pickup.minecraft.stone_slab":8,"stat.useItem.sky_orchards.leaves_sand":34,"stat.craftItem.minecraft.cobblestone":26,"stat.useItem.sky_orchards.sapling_dirt":56,"stat.mineBlock.sky_orchards.log_petrified":276}