{"stat.chestOpened":32,"stat.pickup.tconstruct.tooltables":1,"stat.pickup.minecraft.wooden_slab":3,"stat.mineBlock.sky_orchards.leaves_gravel":5,"stat.pickup.minecraft.wooden_pressure_plate":9,"stat.pickup.minecraft.flint":4,"stat.pickup.sky_orchards.acorn_petrified":70,"stat.pickup.sky_orchards.resin_dirt":77,"stat.useItem.inspirations.wooden_crook":199,"stat.useItem.minecraft.clay":2,"stat.craftItem.minecraft.coal":6,"stat.pickup.sky_orchards.resin_clay":7,"stat.jump":63,"stat.useItem.sky_orchards.sapling_gravel":1,"stat.craftItem.tconstruct.rack":10,"stat.fallOneCm":135533,"stat.useItem.minecraft.planks":1,"stat.craftItem.sky_orchards.sapling_petrified":1,"stat.drop.minecraft.cobblestone":4,"stat.craftItem.bonsaitrees.bonsaipot":2,"stat.crouchOneCm":7416,"stat.mineBlock.sky_orchards.log_dirt":5,"stat.craftItem.minecraft.chest":3,"stat.craftItem.minecraft.torch":4,"stat.useItem.minecraft.dirt":3,"stat.useItem.minecraft.stone_slab2":26,"stat.craftingTableInteraction":2,"stat.craftItem.minecraft.furnace":4,"stat.craftItem.sky_orchards.sapling_gravel":2,"stat.pickup.sky_orchards.sapling_dirt":66,"stat.mineBlock.tconstruct.tooltables":1,"stat.craftItem.minecraft.stone_axe":2,"stat.damageTaken":466,"stat.mineBlock.minecraft.torch":5,"stat.mineBlock.sky_orchards.leaves_dirt":11,"stat.mineBlock.minecraft.wooden_slab":3,"stat.drop.sky_orchards.sapling_gravel":1,"stat.pickup.minecraft.planks":42,"stat.mineBlock.minecraft.clay":3,"stat.flyOneCm":1560,"stat.mineBlock.sky_orchards.sapling_petrified":1,"stat.craftItem.minecraft.wooden_slab":108,"stat.pickup.sky_orchards.resin_petrified":26,"stat.pickup.sky_orchards.sapling_clay":12,"stat.pickup.sky_orchards.sapling_petrified":52,"stat.timeSinceDeath":32712,"stat.drop.minecraft.log":6,"stat.useItem.minecraft.wooden_slab":59,"stat.walkOneCm":142367,"stat.useItem.minecraft.torch":5,"stat.useItem.minecraft.chest":1,"stat.mineBlock.sky_orchards.sapling_dirt":2,"stat.pickup.minecraft.stick":2,"stat.useItem.minecraft.log":5,"stat.pickup.minecraft.clay_ball":12,"stat.furnaceInteraction":16,"stat.craftItem.inspirations.wooden_crook":2,"stat.pickup.sky_orchards.acorn_clay":11,"stat.useItem.tconstruct.rack":3,"stat.useItem.sky_orchards.sapling_clay":2,"stat.mineBlock.sky_orchards.sapling_clay":1,"stat.pickup.minecraft.log":55,"stat.drop.sky_orchards.acorn_gravel":1,"stat.pickup.sky_orchards.resin_gravel":5,"stat.craftItem.rustic.crushing_tub":2,"stat.pickup.sky_orchards.acorn_gravel":12,"stat.useItem.slabmachines.furnace_slab":2,"stat.mineBlock.sky_orchards.leaves_clay":9,"stat.drop.sky_orchards.acorn_petrified":1,"stat.craftItem.minecraft.stone_slab2":0,"stat.useItem.sky_orchards.sapling_petrified":14,"stat.pickup.sky_orchards.acorn_dirt":50,"stat.sprintOneCm":15400,"stat.pickup.sky_orchards.sapling_gravel":10,"stat.craftItem.minecraft.stick":8,"stat.craftItem.minecraft.wooden_axe":1,"stat.mineBlock.sky_orchards.leaves_petrified":194,"stat.craftItem.minecraft.planks":104,"stat.craftItem.minecraft.dirt":6,"stat.useItem.minecraft.wooden_pressure_plate":8,"stat.mineBlock.minecraft.planks":1,"stat.deaths":1,"stat.drop":10,"stat.craftItem.slabmachines.furnace_slab":8,"stat.playOneMinute":38471,"stat.pickup.minecraft.torch":5,"stat.craftItem.sky_orchards.sapling_clay":2,"stat.sneakTime":2504,"stat.useItem.sky_orchards.acorn_dirt":4,"stat.drop.minecraft.stone_axe":1,"stat.useItem.minecraft.wooden_axe":7,"stat.craftItem.minecraft.brick":6,"stat.craftItem.minecraft.clay":6,"stat.craftItem.minecraft.cobblestone":33,"stat.useItem.sky_orchards.sapling_dirt":2,"stat.drop.minecraft.wooden_axe":1}