{"stat.drop.sky_orchards.resin_dirt":30,"stat.useItem.sky_orchards.sapling_cottonwood":1,"stat.leaveGame":5,"stat.mineBlock.sky_orchards.leaves_gravel":78,"stat.pickup.minecraft.flint":12,"stat.pickup.sky_orchards.resin_dirt":358,"stat.useItem.minecraft.planks":13,"stat.mineBlock.sky_orchards.log_dirt":239,"stat.craftItem.inspirations.stone_crook":5,"stat.useItem.sky_orchards.sapling_bone":8,"stat.useItem.minecraft.stone_slab2":25,"stat.pickup.sky_orchards.resin_cottonwood":1,"stat.pickup.minecraft.rotten_flesh":1,"stat.pickup.sky_orchards.sapling_dirt":341,"stat.craftItem.minecraft.stone_axe":15,"stat.mineBlock.sky_orchards.leaves_dirt":978,"stat.pickup.minecraft.cobblestone":7,"stat.flyOneCm":4485,"stat.pickup.sky_orchards.resin_petrified":398,"stat.pickup.sky_orchards.sapling_petrified":128,"stat.timeSinceDeath":22145,"stat.drop.minecraft.log":28,"stat.mineBlock.sky_orchards.sapling_sand":2,"stat.drop.tconstruct.tooltables":1,"stat.pickup.minecraft.wooden_axe":1,"stat.furnaceInteraction":2,"stat.useItem.sky_orchards.sapling_clay":21,"stat.mineBlock.sky_orchards.leaves_clay":400,"stat.drop.sky_orchards.acorn_petrified":5,"stat.pickup.sky_orchards.sapling_cottonwood":3,"stat.drop.sky_orchards.acorn_dirt":25,"stat.useItem.sky_orchards.sapling_petrified":42,"stat.pickup.sky_orchards.acorn_dirt":208,"stat.sprintOneCm":73724,"stat.craftItem.minecraft.stick":24,"stat.craftItem.minecraft.wooden_axe":4,"stat.mineBlock.sky_orchards.leaves_petrified":493,"stat.pickup.inspirations.wooden_crook":2,"stat.deaths":3,"stat.mineBlock.minecraft.planks":13,"stat.drop":22,"stat.playOneMinute":117976,"stat.killEntity.Zombie":1,"stat.useItem.sky_orchards.sapling_sand":13,"stat.chestOpened":88,"stat.useItem.inspirations.stone_crook":1430,"stat.pickup.tconstruct.tooltables":1,"stat.pickup.inspirations.stone_crook":2,"stat.mineBlock.sky_orchards.leaves_bone":158,"stat.pickup.minecraft.stone_axe":2,"stat.pickup.sky_orchards.acorn_petrified":137,"stat.drop.minecraft.flint":4,"stat.useItem.inspirations.wooden_crook":724,"stat.pickup.sky_orchards.resin_sand":84,"stat.pickup.sky_orchards.resin_clay":174,"stat.jump":225,"stat.useItem.sky_orchards.sapling_gravel":4,"stat.fallOneCm":135884,"stat.useItem.minecraft.stone_axe":721,"stat.crouchOneCm":32624,"stat.craftItem.minecraft.chest":8,"stat.mineBlock.sky_orchards.log_sand":58,"stat.craftItem.minecraft.torch":16,"stat.pickup.minecraft.dirt":3,"stat.mineBlock.sky_orchards.sapling_bone":4,"stat.craftingTableInteraction":3,"stat.mineBlock.sky_orchards.leaves_sand":194,"stat.pickup.sky_orchards.resin_bone":49,"stat.pickup.sky_orchards.sapling_sand":55,"stat.damageTaken":864,"stat.drop.sky_orchards.sapling_gravel":3,"stat.pickup.minecraft.dye":15,"stat.pickup.minecraft.planks":108,"stat.pickup.sky_orchards.sapling_clay":98,"stat.pickup.statues.blockplayerstatue":1,"stat.damageDealt":208,"stat.mineBlock.sky_orchards.log_bone":29,"stat.mineBlock.minecraft.dirt":4,"stat.pickup.sky_orchards.acorn_bone":28,"stat.walkOneCm":484274,"stat.useItem.minecraft.torch":3,"stat.useItem.minecraft.chest":7,"stat.playerKills":1,"stat.mineBlock.sky_orchards.sapling_dirt":3,"stat.pickup.minecraft.stick":2,"stat.pickup.sky_orchards.sapling_bone":28,"stat.useItem.minecraft.log":3,"stat.craftItem.inspirations.wooden_crook":16,"stat.pickup.sky_orchards.acorn_clay":70,"stat.pickup.minecraft.log":750,"stat.mineBlock.sky_orchards.log_gravel":29,"stat.drop.sky_orchards.acorn_gravel":3,"stat.pickup.sky_orchards.resin_gravel":44,"stat.pickup.sky_orchards.acorn_gravel":24,"stat.drop.minecraft.planks":30,"stat.pickup.sky_orchards.acorn_sand":48,"stat.pickup.sky_orchards.sapling_gravel":21,"stat.drop.sky_orchards.sapling_dirt":79,"stat.craftItem.minecraft.planks":288,"stat.mobKills":1,"stat.mineBlock.minecraft.log":8,"stat.mineBlock.sky_orchards.log_clay":126,"stat.drop.sky_orchards.acorn_clay":5,"stat.sneakTime":9051,"stat.useItem.minecraft.wooden_axe":93,"stat.craftItem.minecraft.cobblestone":15,"stat.useItem.sky_orchards.sapling_dirt":50,"stat.mineBlock.sky_orchards.log_petrified":276}