{"stat.cakeSlicesEaten":32,"stat.chestOpened":123,"stat.pickup.minecraft.pumpkin":4,"stat.pickup.minecraft.bone":9,"stat.mineBlock.minecraft.pumpkin":4,"stat.mineBlock.minecraft.cobblestone":14,"stat.killEntity.Human":43,"stat.pickup.morecauldrons.cobble_cauldron":1,"stat.useItem.minecraft.apple":12,"stat.mineBlock.sky_orchards.leaves_iron":9,"stat.useItem.sky_orchards.leaves_iron":10,"stat.useItem.xlfoodmod.raw_corn":1,"stat.jump":1957,"stat.swimOneCm":5239,"stat.fallOneCm":382679,"stat.climbOneCm":31899,"stat.pickup.minecraft.iron_ingot":7,"stat.useItem.minecraft.planks":3,"stat.pickup.minecraft.carrot":54,"stat.pickup.minecraft.gunpowder":52,"stat.crouchOneCm":24757,"stat.pickup.minecraft.blaze_powder":3,"stat.craftItem.minecraft.iron_ingot":63,"stat.craftItem.minecraft.chest":9,"stat.pickup.minecraft.dirt":3,"stat.useItem.minecraft.stone_slab2":33,"stat.craftItem.minecraft.hopper":12,"stat.pickup.minecraft.rotten_flesh":11,"stat.useItem.inspirations.carrot_seeds":1,"stat.pickup.darkutils.trap_move":1,"stat.entityKilledBy.Spider":1,"stat.useItem.xlfoodmod.corn_seeds":1,"stat.damageTaken":5626,"stat.craftItem.minecraft.stone_pickaxe":4,"stat.mineBlock.minecraft.torch":4,"stat.killEntity.Enderman":4,"stat.pickup.minecraft.cobblestone":97,"stat.pickup.mysticalagriculture.crafting":9,"stat.craftItem.minecraft.stone_sword":19,"stat.flyOneCm":73516,"stat.pickup.minecraft.wheat_seeds":16,"stat.craftItem.sky_orchards.acorn_iron":168,"stat.useItem.minecraft.stone_pickaxe":28,"stat.useItem.minecraft.stone_sword":950,"stat.pickup.statues.blockplayerstatue":2,"stat.damageDealt":24347,"stat.pickup.thermaldynamics.duct_16":1,"stat.sleepInBed":2,"stat.timeSinceDeath":1420,"stat.mineBlock.minecraft.dirt":2,"stat.pickup.sky_orchards.acorn_iron":102,"stat.craftItem.minecraft.iron_sword":2,"stat.killEntity.ranged_rogue_android":18,"stat.walkOneCm":738196,"stat.useItem.minecraft.torch":2,"stat.animalsBred":10,"stat.pickup.inspirations.carrot_seeds":4,"stat.useItem.minecraft.log":4,"stat.useItem.minecraft.cobblestone":442,"stat.furnaceInteraction":81,"stat.useItem.statues.blockplayerstatue":5,"stat.killEntity.ZombieVillager":1,"stat.killEntity.Creeper":71,"stat.useItem.xlfoodmod.coffee":1,"stat.pickup.minecraft.log":305,"stat.pickup.minecraft.string":3,"stat.pickup.sky_orchards.amber_iron":1,"stat.useItem.sky_orchards.acorn_iron":11,"stat.pickup.cyclicmagic.auto_crafter":1,"stat.pickup.xlfoodmod.corn_seeds":5,"stat.pickup.matteroverdrive.rogue_android_part":1,"stat.entityKilledBy.Skeleton":1,"stat.craftItem.minecraft.stone_slab2":0,"stat.pickup.minecraft.hopper":1,"stat.sprintOneCm":209435,"stat.mineBlock.minecraft.stone_slab":1,"stat.craftItem.minecraft.stick":128,"stat.killEntity.Skeleton":52,"stat.craftItem.minecraft.planks":344,"stat.useItem.minecraft.iron_sword":217,"stat.pickup.integrateddynamics.menril_log":2,"stat.killEntity.rogue_android":17,"stat.useItem.minecraft.wheat_seeds":9,"stat.killEntity.Spider":3,"stat.pickup.minecraft.stone_sword":2,"stat.useItem.minecraft.carrot":18,"stat.mobKills":248,"stat.mineBlock.minecraft.log":3,"stat.deaths":16,"stat.mineBlock.minecraft.planks":1,"stat.playOneMinute":194698,"stat.pickup.minecraft.torch":5,"stat.pickup.xlfoodmod.raw_corn":2,"stat.sneakTime":6033,"stat.pickup.minecraft.iron_block":1,"stat.killEntity.Zombie":41,"stat.pickup.minecraft.stone_slab":1,"stat.diveOneCm":1619,"stat.pickup.minecraft.wheat":12}