{"stat.chestOpened":451,"stat.useItem.inspirations.stone_crook":433,"stat.pickup.tconstruct.tooltables":1,"stat.pickup.sky_orchards.acorn_cottonwood":13,"stat.pickup.inspirations.stone_crook":1,"stat.mineBlock.sky_orchards.log_coal":19,"stat.craftItem.sky_orchards.sapling_cottonwood":1,"stat.pickup.minecraft.bone":1,"stat.craftItem.sky_orchards.sapling_sand":1,"stat.pickup.minecraft.wooden_slab":57,"stat.craftItem.ceramics.unfired_clay":3,"stat.pickup.tp.toasted_bread":1,"stat.mineBlock.sky_orchards.leaves_bone":70,"stat.leaveGame":3,"stat.pickup.minecraft.arrow":2,"stat.mineBlock.sky_orchards.leaves_gravel":142,"stat.pickup.minecraft.wooden_pressure_plate":7,"stat.pickup.minecraft.flint":64,"stat.pickup.xlfoodmod.coffee":1,"stat.pickup.sky_orchards.acorn_petrified":106,"stat.pickup.sky_orchards.resin_dirt":217,"stat.useItem.thermalfoundation.tool.axe_tin":629,"stat.craftItem.minecraft.wool":2,"stat.useItem.inspirations.wooden_crook":411,"stat.useItem.minecraft.clay":18,"stat.pickup.pickletweaks.coal_piece":5,"stat.pickup.sky_orchards.resin_sand":302,"stat.craftItem.minecraft.coal":55,"stat.craftItem.sky_orchards.sapling_coal":4,"stat.pickup.sky_orchards.resin_clay":10,"stat.jump":465,"stat.useItem.sky_orchards.sapling_gravel":27,"stat.swimOneCm":1314,"stat.craftItem.tconstruct.rack":3,"stat.useItem.minecraft.planks":7,"stat.fallOneCm":402566,"stat.drop.minecraft.cobblestone":3,"stat.pickup.minecraft.gunpowder":4,"stat.crouchOneCm":92203,"stat.mineBlock.sky_orchards.log_dirt":51,"stat.craftItem.inspirations.stone_crook":11,"stat.craftItem.minecraft.torch":152,"stat.mineBlock.sky_orchards.log_sand":191,"stat.useItem.sky_orchards.sapling_bone":26,"stat.pickup.minecraft.dirt":15,"stat.useItem.minecraft.dirt":41,"stat.useItem.minecraft.stone_slab2":54,"stat.pickup.sky_orchards.resin_cottonwood":27,"stat.craftingTableInteraction":12,"stat.drop.sky_orchards.sapling_petrified":1,"stat.pickup.minecraft.rotten_flesh":2,"stat.mineBlock.minecraft.wooden_pressure_plate":9,"stat.mineBlock.sky_orchards.leaves_sand":41,"stat.pickup.sky_orchards.resin_bone":265,"stat.pickup.sky_orchards.sapling_sand":104,"stat.pickup.sky_orchards.sapling_dirt":187,"stat.drop.inspirations.stone_crook":2,"stat.mineBlock.tconstruct.tooltables":1,"stat.craftItem.sky_orchards.sapling_bone":4,"stat.damageTaken":2542,"stat.mineBlock.minecraft.torch":4,"stat.mineBlock.sky_orchards.leaves_dirt":148,"stat.craftItem.tconstruct.materials":80,"stat.pickup.minecraft.cobblestone":10,"stat.mineBlock.minecraft.wooden_slab":58,"stat.pickup.minecraft.dye":93,"stat.pickup.minecraft.planks":8,"stat.mineBlock.minecraft.clay":20,"stat.flyOneCm":17579,"stat.mineBlock.sky_orchards.leaves_coal":145,"stat.pickup.sky_orchards.resin_coal":30,"stat.craftItem.minecraft.wooden_slab":1254,"stat.pickup.sky_orchards.resin_petrified":66,"stat.pickup.sky_orchards.sapling_clay":34,"stat.damageDealt":1481,"stat.mineBlock.sky_orchards.log_bone":177,"stat.pickup.sky_orchards.sapling_petrified":74,"stat.timeSinceDeath":39384,"stat.mineBlock.sky_orchards.leaves_cottonwood":100,"stat.mineBlock.minecraft.dirt":12,"stat.useItem.minecraft.wooden_slab":1236,"stat.craftItem.minecraft.gravel":20,"stat.drop.advancementbook.advancement_book":3,"stat.craftItem.sky_orchards.amber_tin":35,"stat.pickup.sky_orchards.acorn_bone":192,"stat.drop.minecraft.stick":2,"stat.killEntity.ranged_rogue_android":1,"stat.walkOneCm":609179,"stat.useItem.minecraft.torch":25,"stat.useItem.morecauldrons.oak_cauldron":1,"stat.pickup.minecraft.stick":3,"stat.useItem.slabmachines.workbench_slab":2,"stat.pickup.minecraft.wooden_axe":2,"stat.drop.minecraft.rotten_flesh":1,"stat.pickup.advancementbook.advancement_book":1,"stat.pickup.sky_orchards.sapling_bone":102,"stat.craftItem.tconstruct.seared":18,"stat.pickup.minecraft.clay_ball":80,"stat.craftItem.minecraft.crafting_table":3,"stat.craftItem.inspirations.wooden_crook":14,"stat.furnaceInteraction":97,"stat.pickup.sky_orchards.acorn_clay":41,"stat.useItem.tconstruct.rack":2,"stat.craftItem.sky_orchards.amber_gravel":2,"stat.craftItem.ceramics.clay_bucket":3,"stat.craftItem.morecauldrons.oak_cauldron":3,"stat.drop.sky_orchards.sapling_bone":2,"stat.drop.sky_orchards.sapling_cottonwood":5,"stat.killEntity.Creeper":3,"stat.useItem.xlfoodmod.coffee":2,"stat.craftItem.tconstruct.soil":80,"stat.craftItem.thermalfoundation.material":18,"stat.pickup.minecraft.log":707,"stat.pickup.minecraft.string":9,"stat.drop.minecraft.wooden_pressure_plate":1,"stat.drop.sky_orchards.acorn_gravel":1,"stat.mineBlock.sky_orchards.log_gravel":130,"stat.drop.inspirations.wooden_crook":3,"stat.craftItem.thermalfoundation.tool.axe_tin":16,"stat.pickup.sky_orchards.resin_gravel":195,"stat.pickup.sky_orchards.acorn_coal":19,"stat.pickup.sky_orchards.acorn_gravel":178,"stat.pickup.matteroverdrive.rogue_android_part":1,"stat.mineBlock.sky_orchards.leaves_clay":29,"stat.craftItem.minecraft.stone_slab2":0,"stat.pickup.sky_orchards.sapling_cottonwood":12,"stat.pickup.sky_orchards.acorn_sand":250,"stat.craftItem.tconstruct.stone_stick":20,"stat.drop.sky_orchards.acorn_dirt":3,"stat.craftItem.tconstruct.tooltables":1,"stat.pickup.sky_orchards.acorn_dirt":188,"stat.sprintOneCm":444721,"stat.pickup.sky_orchards.sapling_gravel":110,"stat.pickup.sky_orchards.sapling_coal":31,"stat.craftItem.minecraft.stick":84,"stat.craftItem.minecraft.wooden_axe":5,"stat.craftItem.tconstruct.smeltery_controller":1,"stat.killEntity.Skeleton":1,"stat.mineBlock.sky_orchards.sapling_gravel":1,"stat.mineBlock.sky_orchards.leaves_petrified":287,"stat.craftItem.minecraft.planks":548,"stat.craftItem.minecraft.sand":55,"stat.craftItem.minecraft.dirt":73,"stat.pickup.inspirations.wooden_crook":1,"stat.craftItem.morecauldrons.cobble_cauldron":1,"stat.mobKills":6,"stat.craftItem.minecraft.wooden_pressure_plate":9,"stat.useItem.minecraft.dye":8,"stat.mineBlock.minecraft.planks":4,"stat.deaths":7,"stat.drop":31,"stat.playOneMinute":224628,"stat.pickup.minecraft.torch":5,"stat.drop.sky_orchards.acorn_clay":2,"stat.useItem.sky_orchards.sapling_coal":15,"stat.useItem.tconstruct.seared":16,"stat.sneakTime":20282,"stat.mineBlock.sky_orchards.log_cottonwood":16,"stat.useItem.sky_orchards.acorn_dirt":1,"stat.killEntity.Zombie":1,"stat.drop.minecraft.torch":1,"stat.useItem.minecraft.wooden_axe":86,"stat.craftItem.minecraft.brick":6,"stat.craftItem.minecraft.clay":20,"stat.craftItem.slabmachines.workbench_slab":4,"stat.craftItem.minecraft.cobblestone":23,"stat.useItem.sky_orchards.sapling_dirt":7,"stat.mineBlock.sky_orchards.log_petrified":35,"stat.drop.minecraft.wooden_axe":1,"stat.useItem.sky_orchards.sapling_sand":62}