{"stat.chestOpened":88,"stat.cakeSlicesEaten":11,"stat.killEntity.ranged_rogue_android":15,"stat.pickup.minecraft.pumpkin":2,"stat.walkOneCm":335644,"stat.useItem.minecraft.log":4,"stat.mineBlock.minecraft.pumpkin":2,"stat.useItem.minecraft.cobblestone":1,"stat.furnaceInteraction":78,"stat.killEntity.Human":37,"stat.useItem.minecraft.apple":7,"stat.killEntity.ZombieVillager":1,"stat.mineBlock.sky_orchards.leaves_iron":9,"stat.killEntity.Creeper":65,"stat.pickup.minecraft.log":272,"stat.pickup.sky_orchards.amber_iron":1,"stat.useItem.sky_orchards.leaves_iron":9,"stat.useItem.sky_orchards.acorn_iron":9,"stat.jump":1143,"stat.swimOneCm":3174,"stat.fallOneCm":29947,"stat.climbOneCm":4591,"stat.pickup.xlfoodmod.corn_seeds":2,"stat.pickup.minecraft.carrot":14,"stat.craftItem.minecraft.stone_slab2":0,"stat.pickup.minecraft.gunpowder":52,"stat.crouchOneCm":3284,"stat.pickup.minecraft.blaze_powder":3,"stat.craftItem.minecraft.iron_ingot":18,"stat.pickup.minecraft.dirt":2,"stat.sprintOneCm":120183,"stat.useItem.minecraft.stone_slab2":15,"stat.craftItem.minecraft.stick":128,"stat.killEntity.Skeleton":50,"stat.craftItem.minecraft.planks":192,"stat.useItem.minecraft.iron_sword":64,"stat.pickup.integrateddynamics.menril_log":2,"stat.killEntity.rogue_android":16,"stat.useItem.minecraft.wheat_seeds":3,"stat.useItem.xlfoodmod.corn_seeds":1,"stat.damageTaken":588,"stat.pickup.minecraft.stone_sword":2,"stat.craftItem.minecraft.stone_pickaxe":4,"stat.mineBlock.minecraft.torch":1,"stat.useItem.minecraft.carrot":10,"stat.killEntity.Enderman":2,"stat.mobKills":224,"stat.mineBlock.minecraft.log":3,"stat.pickup.mysticalagriculture.crafting":6,"stat.craftItem.minecraft.stone_sword":19,"stat.flyOneCm":27591,"stat.deaths":1,"stat.pickup.minecraft.wheat_seeds":6,"stat.craftItem.sky_orchards.acorn_iron":168,"stat.playOneMinute":122698,"stat.pickup.minecraft.torch":1,"stat.pickup.xlfoodmod.raw_corn":1,"stat.useItem.minecraft.stone_sword":950,"stat.sneakTime":741,"stat.pickup.statues.blockplayerstatue":1,"stat.damageDealt":19780,"stat.sleepInBed":2,"stat.killEntity.Zombie":38,"stat.timeSinceDeath":54767,"stat.pickup.minecraft.stone_slab":1,"stat.mineBlock.minecraft.dirt":2,"stat.pickup.sky_orchards.acorn_iron":102,"stat.craftItem.minecraft.iron_sword":2,"stat.pickup.minecraft.wheat":5}