{"stat.pickup.minecraft.wooden_slab":85,"stat.leaveGame":10,"stat.craftItem.thermalfoundation.wrench":2,"stat.pickup.mekanism.machineblock2":2,"stat.craftItem.pickletweaks.dark_glass":40,"stat.pickup.bdsandm.wood_crate":13,"stat.drop.minecraft.redstone":3,"stat.pickup.tconstruct.edible":13,"stat.craftItem.mob_grinding_utils.tank":2,"stat.craftItem.minecraft.ender_eye":40,"stat.mineBlock.minecraft.stained_glass":6,"stat.pickup.tconstruct.faucet":6,"stat.mineBlock.sky_orchards.log_dirt":5,"stat.pickup.minecraft.leaves2":29,"stat.pickup.minecraft.rotten_flesh":30,"stat.craftItem.sky_orchards.amber_clay":322,"stat.craftItem.sky_orchards.sapling_gravel":2,"stat.pickup.sky_orchards.sapling_dirt":72,"stat.craftItem.minecraft.stone_axe":2,"stat.killEntity.Enderman":28,"stat.mineBlock.slabmachines.furnace_slab":1,"stat.mineBlock.minecraft.wooden_slab":83,"stat.craftItem.minecraft.iron_shovel":1,"stat.pickup.integrateddynamics.menril_sapling":3,"stat.craftItem.mob_grinding_utils.tank_sink":2,"stat.pickup.integrateddynamics.menril_berries":4,"stat.killEntity.Witch":2,"stat.pickup.sky_orchards.resin_petrified":40,"stat.craftItem.integrateddynamics.mechanical_squeezer":1,"stat.craftItem.fluxnetworks.fluxcontroller":1,"stat.useItem.minecraft.iron_shovel":24,"stat.craftItem.clickmachine.auto_clicker":2,"stat.craftItem.minecraft.bed":2,"stat.craftItem.minecraft.glass_pane":16,"stat.mineBlock.minecraft.hopper":1,"stat.pickup.thermalfoundation.material":6,"stat.craftItem.tp.iron_cobblegen_block":1,"stat.furnaceInteraction":200,"stat.killEntity.ZombieVillager":3,"stat.mineBlock.sky_orchards.amber_iron":1,"stat.craftItem.cyclicmagic.fluid_pipe":24,"stat.pickup.headcrumbs.skull":1,"stat.craftItem.sky_orchards.acorn_dirt":6,"stat.drop.buildinggadgets.buildingtool":1,"stat.craftItem.tp.birthday_pickaxe":7,"stat.pickup.sky_orchards.acorn_coal":28,"stat.pickup.minecraft.beef":3,"stat.craftItem.storagenetwork.storage_kabel":316,"stat.pickup.minecraft.cauldron":7,"stat.pickup.sky_orchards.acorn_dirt":68,"stat.useItem.minecraft.stained_glass":6,"stat.craftItem.integrateddynamics.wrench":1,"stat.pickup.sky_orchards.sapling_coal":8,"stat.useItem.minecraft.fence":56,"stat.drop.thermaldynamics.servo":1,"stat.pickup.mob_grinding_utils.absorption_hopper":1,"stat.mineBlock.minecraft.fence":10,"stat.useItem.minecraft.flint_and_steel":14,"stat.pickup.tconstruct.smeltery_io":2,"stat.useItem.minecraft.wheat_seeds":5,"stat.craftItem.deepmoblearning.extraction_chamber":2,"stat.pickup.sky_orchards.leaves_coal":16,"stat.useItem.minecraft.dye":1248,"stat.pickup.minecraft.lever":7,"stat.deaths":5,"stat.pickup.sky_orchards.leaves_dirt":6,"stat.pickup.xlfoodmod.raw_corn":91,"stat.drop.tp.birthday_pickaxe":2,"stat.pickup.sky_orchards.sapling_lapis":6,"stat.drop.inspirations.sugar_cane_seeds":3,"stat.pickup.integrateddynamics.energy_battery":7,"stat.drop.minecraft.torch":79,"stat.craftItem.minecraft.repeater":12,"stat.mineBlock.minecraft.tallgrass":139,"stat.pickup.tconstruct.seared":25,"stat.chestOpened":769,"stat.mineBlock.mekanism.machineblock2":2,"stat.pickup.thermalfoundation.wrench":1,"stat.drop.storagenetwork.storage_kabel":68,"stat.pickup.minecraft.arrow":16,"stat.pickup.sky_orchards.resin_redstone":1,"stat.pickup.minecraft.wooden_pressure_plate":9,"stat.craftItem.minecraft.quartz_block":4,"stat.useItem.minecraft.clay":7,"stat.craftItem.minecraft.coal":184,"stat.useItem.xlfoodmod.raw_corn":9,"stat.craftItem.uppers.upper":1,"stat.useItem.sky_orchards.sapling_gravel":1,"stat.pickup.minecraft.carrot":23,"stat.drop.minecraft.stone_sword":2,"stat.crouchOneCm":113210,"stat.mineBlock.minecraft.chest":11,"stat.craftItem.minecraft.diamond":81,"stat.craftItem.minecraft.iron_ingot":572,"stat.pickup.bonsaitrees.bonsaipot":44,"stat.craftItem.minecraft.hopper":76,"stat.pickup.sky_orchards.resin_lapis":6,"stat.craftingTableInteraction":100,"stat.mineBlock.tconstruct.rack":8,"stat.craftItem.tconstruct.pattern":71,"stat.pickup.sky_orchards.acorn_redstone":2,"stat.mineBlock.tconstruct.smeltery_io":2,"stat.mineBlock.cyclicmagic.fluid_pipe":7,"stat.pickup.minecraft.dye":70,"stat.pickup.minecraft.planks":80,"stat.mineBlock.cyclicmagic.melter":3,"stat.pickup.sky_orchards.resin_iron":39,"stat.pickup.minecraft.wheat_seeds":16,"stat.drop.minecraft.soul_sand":1,"stat.pickup.thermaldynamics.duct_16":5,"stat.pickup.storagenetwork.ex_kabel":5,"stat.mineBlock.minecraft.dirt":32,"stat.pickup.sky_orchards.acorn_iron":304,"stat.craftItem.thermaldynamics.duct_16":12,"stat.pickup.sky_orchards.sapling_iron":15,"stat.pickup.inspirations.carrot_seeds":2,"stat.drop.minecraft.rotten_flesh":2,"stat.useItem.minecraft.cobblestone":475,"stat.pickup.cyclicmagic.auto_packager":2,"stat.mineBlock.minecraft.double_plant":2,"stat.drop.tconstruct.soil":48,"stat.mineBlock.sky_orchards.sapling_clay":1,"stat.pickup.sky_orchards.resin_gravel":8,"stat.craftItem.integrateddynamics.drying_basin":1,"stat.useItem.tconstruct.pickaxe":32,"stat.useItem.slabmachines.furnace_slab":2,"stat.craftItem.minecraft.gold_ingot":72,"stat.drop.minecraft.sapling":4,"stat.pickup.minecraft.hopper":5,"stat.pickup.minecraft.apple":60,"stat.pickup.slabmachines.workbench_slab":5,"stat.pickup.integrateddynamics.squeezer":1,"stat.craftItem.enderutilities.enderpart":9,"stat.craftItem.minecraft.bucket":67,"stat.craftItem.minecraft.planks":2608,"stat.drop.storagenetwork.remote":1,"stat.craftItem.minecraft.dirt":101,"stat.pickup.morecauldrons.oak_cauldron":1,"stat.craftItem.rustic.fertile_soil":65,"stat.mineBlock.minecraft.log":1,"stat.pickup.rustic.sapling_apple":6,"stat.craftItem.storagenetwork.master":2,"stat.useItem.cyclicmagic.fluid_pipe":18,"stat.pickup.pickletweaks.dark_glass":44,"stat.pickup.minecraft.red_flower":6,"stat.useItem.minecraft.chorus_fruit":2,"stat.useItem.minecraft.wooden_axe":15,"stat.craftItem.minecraft.cobblestone":33,"stat.cakeSlicesEaten":8,"stat.mineBlock.darkutils.trap_move":19,"stat.craftItem.storagenetwork.remote":2,"stat.craftItem.minecraft.diamond_leggings":1,"stat.useItem.minecraft.iron_axe":110,"stat.mineBlock.minecraft.cobblestone":457,"stat.mineBlock.minecraft.pumpkin":11,"stat.useItem.tconstruct.mattock":54,"stat.drop.tconstruct.slime_sapling":4,"stat.pickup.minecraft.flint":4,"stat.mineBlock.minecraft.yellow_flower":18,"stat.killEntity.Human":18,"stat.useItem.minecraft.skull":6,"stat.drop.sky_orchards.resin_coal":2,"stat.drop.thermalfoundation.material":8,"stat.craftItem.minecraft.wool":8,"stat.pickup.pickletweaks.coal_piece":11,"stat.drop.sky_orchards.leaves_coal":1,"stat.pickup.minecraft.glowstone":52,"stat.useItem.thermaldynamics.duct_16":6,"stat.drop.minecraft.cobblestone":4,"stat.pickup.minecraft.cooked_porkchop":4,"stat.mineBlock.morecauldrons.oak_cauldron":1,"stat.useItem.minecraft.coal_block":1,"stat.craftItem.mob_grinding_utils.absorption_hopper":1,"stat.drop.sky_orchards.leaves_dirt":5,"stat.drop.headcrumbs.skull":2,"stat.useItem.minecraft.stone_slab2":391,"stat.useItem.tconstruct.cleaver":12,"stat.pickup.integrateddynamics.mechanical_squeezer":1,"stat.craftItem.minecraft.furnace":204,"stat.craftItem.minecraft.lapis_block":64,"stat.pickup.tp.cobblegen_block":3,"stat.mineBlock.minecraft.obsidian":1,"stat.mineBlock.sky_orchards.leaves_dirt":11,"stat.craftItem.sky_orchards.amber_gold":45,"stat.mineBlock.minecraft.clay":8,"stat.flyOneCm":480532,"stat.craftItem.storagenetwork.ex_kabel":8,"stat.mineBlock.sky_orchards.leaves_coal":1,"stat.craftItem.minecraft.stained_glass":24,"stat.mineBlock.morecauldrons.cobble_cauldron":5,"stat.timeSinceDeath":82467,"stat.mineBlock.fluxnetworks.fluxpoint":3,"stat.useItem.minecraft.wooden_slab":287,"stat.craftItem.minecraft.iron_block":3,"stat.useItem.minecraft.potato":5,"stat.craftItem.tconstruct.seared":121,"stat.craftItem.fluxnetworks.fluxcore":48,"stat.pickup.thermaldynamics.duct_0":91,"stat.craftItem.minecraft.concrete_powder":40,"stat.useItem.tconstruct.rack":3,"stat.killEntity.Creeper":24,"stat.useItem.tp.toasted_bread":1,"stat.pickup.minecraft.string":15,"stat.pickup.sky_orchards.amber_iron":1,"stat.mineBlock.fluxnetworks.fluxcontroller":1,"stat.pickup.fluxnetworks.fluxcontroller":1,"stat.mineBlock.minecraft.ladder":1,"stat.drop.sky_orchards.amber_redstone":1,"stat.mineBlock.rustic.sapling_apple":2,"stat.drop.sky_orchards.acorn_petrified":1,"stat.drop.minecraft.obsidian":1,"stat.craftItem.tconstruct.stone_stick":8,"stat.useItem.minecraft.written_book":2,"stat.useItem.sky_orchards.sapling_petrified":14,"stat.craftItem.tconstruct.tooltables":29,"stat.sprintOneCm":532886,"stat.mineBlock.minecraft.stone_slab":14,"stat.craftItem.minecraft.wooden_axe":1,"stat.useItem.carryon.tile_item":11,"stat.mineBlock.sky_orchards.leaves_petrified":194,"stat.drop.tconstruct.cleaver":1,"stat.pickup.sky_orchards.leaves_gravel":1,"stat.pickup.inspirations.wooden_crook":1,"stat.craftItem.minecraft.wooden_pressure_plate":1,"stat.pickup.sky_orchards.leaves_silver":128,"stat.useItem.minecraft.ladder":27,"stat.craftItem.deepmoblearning.machine_casing":4,"stat.mineBlock.bonsaitrees.bonsaipot":40,"stat.pickup.minecraft.iron_block":1,"stat.killEntity.Zombie":24,"stat.craftItem.deepmoblearning.data_model_blank":4,"stat.craftItem.minecraft.dye":2254,"stat.useItem.animalcrops.seeds":9,"stat.pickup.buildinggadgets.buildingtool":1,"stat.drop.sky_orchards.leaves_iron":1,"stat.pickup.minecraft.wheat":19,"stat.pickup.tconstruct.tooltables":5,"stat.craftItem.minecraft.ladder":39,"stat.mineBlock.clickmachine.auto_clicker":4,"stat.useItem.bonsaitrees.bonsaipot":60,"stat.pickup.minecraft.obsidian":3,"stat.pickup.deepmoblearning.extraction_chamber":1,"stat.pickup.storagenetwork.kabel":36,"stat.craftItem.deepmoblearning.deep_learner":1,"stat.pickup.sky_orchards.resin_clay":35,"stat.drop.minecraft.apple":32,"stat.jump":4407,"stat.useItem.minecraft.sand":20,"stat.pickup.minecraft.iron_ingot":1,"stat.craftItem.minecraft.lever":3,"stat.pickup.minecraft.gunpowder":8,"stat.craftItem.minecraft.torch":52,"stat.pickup.minecraft.dirt":79,"stat.drop.minecraft.glowstone":39,"stat.craftItem.storagenetwork.controller":1,"stat.craftItem.minecraft.glowstone_dust":4,"stat.pickup.matteroverdrive.weapon_module_ricochet":1,"stat.pickup.tconstruct.slime_grass":1,"stat.damageTaken":3599,"stat.mineBlock.minecraft.torch":77,"stat.mineBlock.minecraft.red_flower":7,"stat.pickup.minecraft.written_book":1,"stat.drop.sky_orchards.sapling_gravel":1,"stat.pickup.minecraft.log2":12,"stat.craftItem.minecraft.comparator":2,"stat.craftItem.integrateddynamics.coal_generator":4,"stat.craftItem.minecraft.glowstone":53,"stat.craftItem.sky_orchards.amber_lead":128,"stat.useItem.sky_orchards.amber_iron":1,"stat.useItem.forge.bucketfilled":1,"stat.pickup.minecraft.potato":1,"stat.pickup.sky_orchards.sapling_clay":31,"stat.pickup.statues.blockplayerstatue":2,"stat.useItem.storagenetwork.storage_kabel":243,"stat.craftItem.minecraft.stone_slab":264,"stat.craftItem.sky_orchards.amber_petrified":144,"stat.animalsBred":1,"stat.useItem.minecraft.chest":65,"stat.craftItem.tconstruct.smeltery_io":2,"stat.pickup.sky_orchards.sapling_bone":4,"stat.mineBlock.integrateddynamics.mechanical_squeezer":1,"stat.pickup.sky_orchards.leaves_sand":131,"stat.useItem.minecraft.lava_bucket":6,"stat.craftItem.slabmachines.chest_slab":128,"stat.craftItem.sky_orchards.amber_silver":45,"stat.useItem.tconstruct.faucet":2,"stat.mineBlock.pickletweaks.dark_glass":48,"stat.drop.inspirations.wooden_crook":2,"stat.craftItem.rustic.crushing_tub":2,"stat.mineBlock.integrateddynamics.energy_battery":7,"stat.pickup.mob_grinding_utils.saw_upgrade":60,"stat.pickup.minecraft.baked_potato":54,"stat.pickup.minecraft.ender_pearl":46,"stat.useItem.cyclicmagic.item_pipe":3,"stat.pickup.minecraft.ladder":7,"stat.craftItem.minecraft.stained_glass_pane":16,"stat.craftItem.cyclicmagic.fluid_pump":2,"stat.drop.sky_orchards.leaves_tin":128,"stat.mineBlock.minecraft.glowstone":1,"stat.mobKills":173,"stat.pickup.cyclicmagic.fluid_pipe":7,"stat.craftItem.fluxnetworks.flux":232,"stat.drop.minecraft.written_book":2,"stat.pickup.minecraft.beetroot_seeds":4,"stat.pickup.deepmoblearning.deep_learner":2,"stat.pickup.minecraft.torch":270,"stat.drop.minecraft.stone_axe":2,"stat.mineBlock.tp.cobblegen_block":3,"stat.useItem.inspirations.sugar_cane_seeds":2,"stat.craftItem.deepmoblearning.data_model_enderman":2,"stat.craftItem.minecraft.iron_axe":2,"stat.pickup.mob_grinding_utils.saw":2,"stat.drop.rustic.leaves_apple":64,"stat.mineBlock.mob_grinding_utils.absorption_hopper":1,"stat.drop.minecraft.skull":5,"stat.useItem.cyclicmagic.fluid_pump":2,"stat.useItem.minecraft.planks":2,"stat.craftItem.sky_orchards.sapling_petrified":1,"stat.pickup.minecraft.blaze_powder":123,"stat.craftItem.horsepower.hand_grindstone":2,"stat.pickup.rustic.chair_oak":4,"stat.useItem.minecraft.water_bucket":26,"stat.pickup.minecraft.sand":16,"stat.craftItem.inspirations.carrot_seeds":1,"stat.pickup.darkutils.trap_move":98,"stat.craftItem.mob_grinding_utils.saw":1,"stat.mineBlock.storagenetwork.ex_kabel":3,"stat.craftItem.tconstruct.casting":7,"stat.mineBlock.minecraft.sand":16,"stat.pickup.storagenetwork.request":1,"stat.craftItem.deepmoblearning.soot_covered_plate":32,"stat.hopperInspected":12,"stat.pickup.tconstruct.slime_sapling":4,"stat.mineBlock.cyclicmagic.auto_packager":1,"stat.craftItem.storagenetwork.process_kabel":4,"stat.craftItem.fluxnetworks.fluxplug":2,"stat.pickup.integrateddynamics.menril_leaves":1,"stat.drop.ceramics.clay_bucket":1,"stat.pickup.xlfoodmod.lettuce_seeds":2,"stat.pickup.tconstruct.cleaver":1,"stat.craftItem.thermalfoundation.material":161,"stat.pickup.mob_grinding_utils.ender_inhibitor_on":2,"stat.useItem.minecraft.redstone":2,"stat.craftItem.mob_grinding_utils.saw_upgrade":20,"stat.useItem.thermaldynamics.duct_0":41,"stat.pickup.minecraft.skull":13,"stat.craftItem.minecraft.netherrack":115,"stat.pickup.fluxnetworks.fluxpoint":3,"stat.pickup.sky_orchards.leaves_lapis":99,"stat.mineBlock.storagenetwork.kabel":25,"stat.pickup.deepmoblearning.soot_covered_redstone":64,"stat.craftItem.minecraft.sand":208,"stat.pickup.minecraft.pumpkin_seeds":3,"stat.mineBlock.simplegenerators.geothermal_simple":6,"stat.useItem.minecraft.hopper":3,"stat.useItem.storagenetwork.kabel":168,"stat.craftItem.minecraft.heavy_weighted_pressure_plate":2,"stat.craftItem.simplegenerators.geothermal_simple":1,"stat.pickup.enderutilities.machine_0":2,"stat.playOneMinute":797162,"stat.useItem.rustic.fertile_soil":4,"stat.pickup.tconstruct.rack":6,"stat.useItem.sky_orchards.acorn_dirt":10,"stat.mineBlock.storagenetwork.request":1,"stat.craftItem.enderutilities.machine_0":1,"stat.drop.statues.blockplayerstatue":3,"stat.pickup.minecraft.netherrack":1,"stat.craftItem.darkutils.trap_move":152,"stat.pickup.minecraft.pumpkin":15,"stat.craftItem.fluxnetworks.fluxpoint":3,"stat.pickup.tconstruct.casting":13,"stat.drop.minecraft.hopper":2,"stat.craftItem.minecraft.carpet":6,"stat.craftItem.tp.cobblegen_block":3,"stat.craftItem.storagenetwork.kabel":200,"stat.pickup.sky_orchards.acorn_petrified":70,"stat.useItem.inspirations.wooden_crook":199,"stat.pickup.sky_orchards.resin_sand":11,"stat.mineBlock.tconstruct.faucet":6,"stat.pickup.rustic.leaves_apple":69,"stat.craftItem.mob_grinding_utils.spikes":2,"stat.craftItem.minecraft.iron_hoe":1,"stat.craftItem.minecraft.iron_nugget":18,"stat.fallOneCm":314633,"stat.drop.minecraft.dye":195,"stat.pickup.minecraft.melon_seeds":1,"stat.craftItem.tconstruct.toolforge":2,"stat.craftItem.minecraft.chest":846,"stat.useItem.pickletweaks.dark_glass":79,"stat.mineBlock.minecraft.lever":5,"stat.useItem.minecraft.iron_hoe":11,"stat.pickup.sky_orchards.sapling_sand":12,"stat.drop.minecraft.leaves2":17,"stat.mineBlock.mob_grinding_utils.ender_inhibitor_on":2,"stat.craftItem.ironjetpacks.strap":1,"stat.pickup.sky_orchards.leaves_redstone":1,"stat.mineBlock.bdsandm.wood_crate":13,"stat.craftItem.tconstruct.materials":51,"stat.pickup.rustic.fertile_soil":34,"stat.craftItem.integrateddynamics.crystalized_menril_block":24,"stat.pickup.slabmachines.furnace_slab":2,"stat.mineBlock.sky_orchards.sapling_petrified":1,"stat.craftItem.sky_orchards.amber_tin":67,"stat.drop.advancementbook.advancement_book":1,"stat.craftItem.integrateddynamics.squeezer":3,"stat.useItem.minecraft.torch":210,"stat.mineBlock.sky_orchards.sapling_dirt":3,"stat.pickup.sky_orchards.leaves_clay":7,"stat.craftItem.minecraft.redstone_block":118,"stat.pickup.advancementbook.advancement_book":2,"stat.useItem.minecraft.log":12,"stat.craftItem.minecraft.crafting_table":21,"stat.mineBlock.enderutilities.machine_0":2,"stat.pickup.simplegenerators.geothermal_simple":6,"stat.craftItem.ceramics.clay_bucket":1,"stat.mineBlock.sky_orchards.sapling_coal":2,"stat.pickup.minecraft.log":201,"stat.useItem.storagenetwork.ex_kabel":4,"stat.mineBlock.rustic.fertile_soil":4,"stat.useItem.sky_orchards.acorn_iron":3,"stat.drop.sky_orchards.acorn_gravel":3,"stat.pickup.matteroverdrive.rogue_android_part":1,"stat.pickup.sky_orchards.acorn_sand":30,"stat.pickup.minecraft.sapling":16,"stat.mineBlock.minecraft.iron_block":1,"stat.drop.minecraft.clay":1,"stat.craftItem.integrateddynamics.mechanical_drying_basin":1,"stat.mineBlock.tconstruct.slime_grass":2,"stat.useItem.headcrumbs.skull":3,"stat.killEntity.rogue_android":13,"stat.pickup.minecraft.diamond_helmet":1,"stat.useItem.minecraft.wooden_pressure_plate":8,"stat.craftItem.thermaldynamics.duct_0":63,"stat.mineBlock.sky_orchards.log_clay":10,"stat.craftItem.minecraft.flower_pot":1,"stat.pickup.sky_orchards.acorn_lapis":5,"stat.craftItem.minecraft.sugar":10,"stat.useItem.integrateddynamics.menril_berries":1,"stat.craftItem.simplegenerators.geothermal_upgradable":13,"stat.drop.tconstruct.hatchet":2,"stat.sneakTime":34786,"stat.drop.minecraft.bucket":1,"stat.useItem.minecraft.baked_potato":3,"stat.pickup.minecraft.stone_slab":8,"stat.pickup.minecraft.yellow_flower":18,"stat.useItem.sky_orchards.sapling_dirt":2,"stat.drop.minecraft.wooden_axe":1,"stat.pickup.minecraft.chest":17,"stat.pickup.clickmachine.auto_clicker":4,"stat.craftItem.minecraft.diamond_chestplate":1,"stat.drop.minecraft.stone_pickaxe":1,"stat.pickup.minecraft.bone":30,"stat.mineBlock.sky_orchards.leaves_gravel":5,"stat.drop.storagenetwork.kabel":64,"stat.mineBlock.cyclicmagic.fluid_pump":1,"stat.craftItem.tconstruct.faucet":7,"stat.pickup.sky_orchards.resin_dirt":85,"stat.craftItem.sky_orchards.amber_iron":362,"stat.mineBlock.storagenetwork.im_kabel":3,"stat.swimOneCm":18323,"stat.climbOneCm":83296,"stat.craftItem.inspirations.stone_crook":3,"stat.useItem.minecraft.dirt":62,"stat.drop.minecraft.quartz":2,"stat.entityKilledBy.ranged_rogue_android":2,"stat.useItem.storagenetwork.remote":8,"stat.craftItem.minecraft.bone_block":252,"stat.pickup.sky_orchards.sapling_glowstone":1,"stat.pickup.minecraft.cobblestone":911,"stat.pickup.minecraft.clay":1,"stat.craftItem.minecraft.glass_bottle":33,"stat.useItem.rustic.chair_oak":1,"stat.pickup.sky_orchards.resin_coal":13,"stat.craftItem.minecraft.wooden_slab":330,"stat.drop.cyclicmagic.storage_bag":4,"stat.pickup.sky_orchards.sapling_petrified":52,"stat.pickup.minecraft.redstone":2,"stat.craftItem.minecraft.dispenser":1,"stat.drop.integrateddynamics.menril_berries":1,"stat.drop.minecraft.log":6,"stat.killEntity.ranged_rogue_android":11,"stat.mineBlock.deepmoblearning.extraction_chamber":1,"stat.pickup.minecraft.wooden_axe":1,"stat.pickup.tconstruct.soil":8,"stat.drop.minecraft.dirt":1,"stat.useItem.minecraft.cooked_porkchop":4,"stat.useItem.sky_orchards.sapling_clay":7,"stat.mineBlock.storagenetwork.storage_kabel":39,"stat.useItem.xlfoodmod.coffee":1,"stat.craftItem.tconstruct.soil":450,"stat.pickup.tconstruct.smeltery_controller":1,"stat.craftItem.sky_orchards.sapling_netherrack":2,"stat.craftItem.minecraft.brick_block":27,"stat.pickup.xlfoodmod.corn_seeds":53,"stat.mineBlock.sky_orchards.leaves_clay":10,"stat.craftItem.minecraft.stone_slab2":5,"stat.craftItem.tp.reinforced_obsidian_ingot":18,"stat.craftItem.minecraft.stick":96,"stat.drop.thermalfoundation.wrench":1,"stat.useItem.minecraft.stone_slab":64,"stat.craftItem.minecraft.stone":135,"stat.craftItem.minecraft.gold_nugget":198,"stat.pickup.integrateddynamics.menril_log":2,"stat.pickup.minecraft.grass":4,"stat.useItem.tconstruct.casting":4,"stat.craftItem.deepmoblearning.simulation_chamber":2,"stat.craftItem.cyclicmagic.auto_packager":1,"stat.craftItem.animalcrops.seeds":15,"stat.craftItem.minecraft.clay_ball":1148,"stat.mineBlock.minecraft.planks":1,"stat.drop":107,"stat.craftItem.sky_orchards.sapling_clay":2,"stat.useItem.tconstruct.seared":40,"stat.craftItem.minecraft.clay":124,"stat.pickup.integrateddynamics.crystalized_menril_chunk":1,"stat.pickup.cyclicmagic.fluid_pump":1,"stat.craftItem.minecraft.piston":2,"stat.useItem.thermalfoundation.wrench":57,"stat.craftItem.tconstruct.slime_grass":3,"stat.mineBlock.tconstruct.smeltery_controller":1,"stat.pickup.morecauldrons.cobble_cauldron":6,"stat.useItem.minecraft.apple":69,"stat.mineBlock.minecraft.deadbush":1,"stat.mineBlock.mob_grinding_utils.saw":4,"stat.useItem.minecraft.carpet":2,"stat.craftItem.minecraft.brick_stairs":12,"stat.pickup.sky_orchards.leaves_iron":269,"stat.killEntity.SkeletonHorse":2,"stat.craftItem.tconstruct.rack":10,"stat.pickup.minecraft.fence":10,"stat.useItem.tconstruct.tooltables":5,"stat.pickup.sky_orchards.sapling_redstone":1,"stat.useItem.tp.birthday_pickaxe":730,"stat.craftItem.bonsaitrees.bonsaipot":123,"stat.pickup.minecraft.spider_eye":5,"stat.craftItem.minecraft.flint_and_steel":1,"stat.pickup.inspirations.sugar_cane_seeds":6,"stat.mineBlock.tconstruct.tooltables":5,"stat.pickup.minecraft.leaves":3,"stat.craftItem.fluxnetworks.fluxblock":7,"stat.mineBlock.minecraft.leaves2":5,"stat.craftItem.minecraft.iron_bars":32,"stat.pickup.minecraft.leather":3,"stat.pickup.mysticalagriculture.crafting":8,"stat.pickup.minecraft.reeds":4,"stat.pickup.storagenetwork.storage_kabel":39,"stat.craftItem.deepmoblearning.polymer_clay":208,"stat.useItem.bdsandm.wood_crate":199,"stat.damageDealt":30794,"stat.craftItem.minecraft.glass":107,"stat.craftItem.minecraft.cauldron":4,"stat.sleepInBed":1,"stat.killEntity.Cow":2,"stat.craftItem.minecraft.gravel":256,"stat.craftItem.minecraft.iron_sword":48,"stat.pickup.sky_orchards.acorn_bone":2,"stat.mineBlock.integrateddynamics.squeezer":1,"stat.walkOneCm":2188805,"stat.pickup.ceramics.clay_bucket":1,"stat.playerKills":3,"stat.pickup.minecraft.stick":80,"stat.pickup.minecraft.clay_ball":32,"stat.craftItem.cyclicmagic.item_pipe":8,"stat.craftItem.inspirations.wooden_crook":2,"stat.pickup.sky_orchards.acorn_clay":122,"stat.useItem.storagenetwork.im_kabel":1,"stat.craftItem.thermaldynamics.servo":3,"stat.useItem.sky_orchards.acorn_redstone":5,"stat.mineBlock.thermaldynamics.duct_0":22,"stat.pickup.cyclicmagic.melter":2,"stat.craftItem.minecraft.diamond_boots":2,"stat.craftItem.mob_grinding_utils.ender_inhibitor_on":1,"stat.pickup.storagenetwork.im_kabel":3,"stat.pickup.sky_orchards.acorn_gravel":74,"stat.mineBlock.slabmachines.workbench_slab":5,"stat.mineBlock.rustic.chair_oak":4,"stat.craftItem.sky_orchards.amber_redstone":64,"stat.craftItem.minecraft.redstone":558,"stat.useItem.minecraft.leaves":2,"stat.pickup.sky_orchards.sapling_gravel":15,"stat.pickup.minecraft.chorus_fruit":4,"stat.craftItem.integrateddynamics.energy_battery":15,"stat.pickup.thermaldynamics.servo":4,"stat.killEntity.Skeleton":29,"stat.drop.sky_orchards.sapling_dirt":1,"stat.pickup.minecraft.record_mall":1,"stat.drop.tconstruct.rack":1,"stat.craftItem.bdsandm.wood_crate":244,"stat.killEntity.Spider":11,"stat.craftItem.mekanism.machineblock2":1,"stat.drop.sky_orchards.resin_clay":1,"stat.craftItem.minecraft.fence":96,"stat.craftItem.valkyrielib.modifier_component":28,"stat.mineBlock.minecraft.leaves":3,"stat.craftItem.slabmachines.furnace_slab":8,"stat.mineBlock.tconstruct.seared":5,"stat.pickup.sky_orchards.leaves_tin":128,"stat.craftItem.sky_orchards.amber_nickel":128,"stat.mineBlock.tconstruct.casting":14,"stat.pickup.minecraft.lava_bucket":5,"stat.craftItem.minecraft.coal_block":10,"stat.pickup.sky_orchards.amber_redstone":1,"stat.craftItem.minecraft.brick":419,"stat.useItem.tconstruct.hatchet":24,"stat.useItem.rustic.apple_seeds":2,"stat.useItem.darkutils.trap_move":162}