{"stat.chestOpened":65,"stat.cakeSlicesEaten":5,"stat.killEntity.ranged_rogue_android":4,"stat.pickup.minecraft.pumpkin":2,"stat.walkOneCm":262243,"stat.useItem.minecraft.log":4,"stat.mineBlock.minecraft.pumpkin":2,"stat.furnaceInteraction":67,"stat.killEntity.Human":22,"stat.useItem.minecraft.apple":7,"stat.killEntity.Creeper":39,"stat.pickup.minecraft.log":272,"stat.pickup.sky_orchards.amber_iron":1,"stat.jump":763,"stat.swimOneCm":2668,"stat.fallOneCm":18060,"stat.climbOneCm":2885,"stat.pickup.xlfoodmod.corn_seeds":2,"stat.pickup.minecraft.carrot":14,"stat.craftItem.minecraft.stone_slab2":0,"stat.pickup.minecraft.gunpowder":52,"stat.crouchOneCm":2886,"stat.pickup.minecraft.blaze_powder":3,"stat.pickup.minecraft.dirt":2,"stat.sprintOneCm":80585,"stat.useItem.minecraft.stone_slab2":15,"stat.craftItem.minecraft.stick":128,"stat.killEntity.Skeleton":42,"stat.craftItem.minecraft.planks":192,"stat.pickup.integrateddynamics.menril_log":2,"stat.killEntity.rogue_android":10,"stat.useItem.minecraft.wheat_seeds":3,"stat.useItem.xlfoodmod.corn_seeds":1,"stat.damageTaken":418,"stat.pickup.minecraft.stone_sword":2,"stat.craftItem.minecraft.stone_pickaxe":4,"stat.mineBlock.minecraft.torch":1,"stat.useItem.minecraft.carrot":10,"stat.killEntity.Enderman":2,"stat.mobKills":148,"stat.mineBlock.minecraft.log":2,"stat.pickup.mysticalagriculture.crafting":4,"stat.craftItem.minecraft.stone_sword":15,"stat.flyOneCm":16965,"stat.deaths":1,"stat.pickup.minecraft.wheat_seeds":6,"stat.craftItem.sky_orchards.acorn_iron":107,"stat.playOneMinute":86698,"stat.pickup.minecraft.torch":1,"stat.pickup.xlfoodmod.raw_corn":1,"stat.useItem.minecraft.stone_sword":610,"stat.sneakTime":660,"stat.pickup.statues.blockplayerstatue":1,"stat.damageDealt":11825,"stat.sleepInBed":1,"stat.killEntity.Zombie":29,"stat.timeSinceDeath":18767,"stat.pickup.minecraft.stone_slab":1,"stat.mineBlock.minecraft.dirt":2,"stat.pickup.minecraft.wheat":4}