{
  "sf4:age1/sapling/cottonwood": {
    "criteria": {
      "Obtain Cottonwood Sapling": "2024-03-07 12:15:24 +0000",
      "Completed Root": "2024-03-07 11:01:37 +0000"
    },
    "done": true
  },
  "tutorial:tutorial/oakplanks": {
    "criteria": {
      "Obtain Oak Wood Planks": "2024-03-07 11:19:50 +0000"
    },
    "done": false
  },
  "sf4:age1/complete": {
    "criteria": {
      "Completed Air Fryer§r": "2024-03-07 12:07:45 +0000",
      "Completed That\u0027s Dir-tree§r": "2024-03-07 16:07:27 +0000",
      "Completed You Cotton Be Kidding Me§r": "2024-03-07 12:15:24 +0000",
      "Completed Sticky Keys§r": "2024-03-07 16:07:27 +0000",
      "Completed Water You Waiting For?§r": "2024-03-07 15:23:18 +0000",
      "Completed Break a Leg§r": "2024-03-07 15:44:27 +0000",
      "Completed Hotbois§r": "2024-03-07 12:05:09 +0000",
      "Completed Root": "2024-03-07 11:01:37 +0000",
      "Completed Nap Time§r": "2024-03-07 11:05:13 +0000",
      "Completed Trees to Diamonds§r": "2024-03-07 13:47:12 +0000",
      "Completed Cobble Cobble§r": "2024-03-07 11:55:36 +0000",
      "Completed Not a Helmet§r": "2024-03-07 12:04:06 +0000",
      "Completed Dirty Dancing§r": "2024-03-07 16:13:28 +0000",
      "Completed Amber is the Color of my Dinosaur§r": "2024-03-07 11:51:27 +0000",
      "Completed SkyFactory 4§r": "2024-03-07 11:01:37 +0000",
      "Completed Bubble, Bubble§r": "2024-03-07 13:14:52 +0000",
      "Completed You Cotton Something?§r": "2024-03-07 13:35:57 +0000",
      "Completed On the Rocks§r": "2024-03-07 11:26:26 +0000",
      "Completed Oh, the Irony§r": "2024-03-07 12:40:02 +0000",
      "Completed Starting from the Bottom§r": "2024-03-07 16:12:49 +0000"
    },
    "done": false
  },
  "sf4:age1/sapling/bacon": {
    "criteria": {
      "Completed Root": "2024-03-07 11:01:37 +0000"
    },
    "done": false
  },
  "sf4:age1/nonpacifist": {
    "criteria": {
      "superflat2": "2024-03-07 11:01:37 +0000",
      "superflat32": "2024-03-07 11:01:37 +0000",
      "Completed Root": "2024-03-07 11:01:37 +0000"
    },
    "done": true
  },
  "sf4:age1/sapling/slime": {
    "criteria": {
      "Completed Root": "2024-03-07 11:01:37 +0000"
    },
    "done": false
  },
  "sf4:age1/string": {
    "criteria": {
      "Obtain Cottonwood Sapling": "2024-03-07 12:15:24 +0000",
      "Completed Root": "2024-03-07 11:01:37 +0000",
      "Obtain String": "2024-03-07 13:35:57 +0000"
    },
    "done": true
  },
  "sf4:age_storage/complete_no_prestige": {
    "criteria": {
      "Prestige Mode Disabled": "2024-03-07 11:01:37 +0000",
      "Completed Age of Storage§r": "2024-03-07 11:01:37 +0000",
      "Completed Hop to It§r": "2024-03-07 13:30:28 +0000"
    },
    "done": false
  },
  "sf4:age1/sapling/petrified": {
    "criteria": {
      "Completed Root": "2024-03-07 11:01:37 +0000"
    },
    "done": false
  },
  "sf4:age1/sapling/redstone": {
    "criteria": {
      "Completed Root": "2024-03-07 11:01:37 +0000"
    },
    "done": false
  },
  "sf4:age1/sapling/tin": {
    "criteria": {
      "Completed Root": "2024-03-07 11:01:37 +0000"
    },
    "done": false
  },
  "sf4:age1/wooden_crook": {
    "criteria": {
      "Completed Root": "2024-03-07 11:01:37 +0000"
    },
    "done": false
  },
  "pacifist:pacifist_run/root": {
    "criteria": {
      "hasRock": "2024-03-07 11:01:37 +0000"
    },
    "done": false
  },
  "sf4:age_storage/complete": {
    "criteria": {
      "Completed Age of Storage§r": "2024-03-07 11:01:37 +0000",
      "Completed Hop to It§r": "2024-03-07 13:30:28 +0000"
    },
    "done": false
  },
  "sf4:age1/slabs": {
    "criteria": {
      "Completed Root": "2024-03-07 11:01:37 +0000"
    },
    "done": false
  },
  "sf4:age_farming/wheatseeds": {
    "criteria": {
      "Obtain Wheat Seeds": "2024-03-07 11:32:35 +0000"
    },
    "done": true
  },
  "sf4:age1/lavasource": {
    "criteria": {
      "Completed SkyFactory 4§r": "2024-03-07 11:01:37 +0000",
      "Completed Root": "2024-03-07 11:01:37 +0000"
    },
    "done": false
  },
  "hardcore:hardcore/forgivingvoid": {
    "criteria": {
      "Completed Age of Exploration§r": "2024-03-07 11:01:37 +0000"
    },
    "done": false
  },
  "sf4:age_enhancement/completenoprestige": {
    "criteria": {
      "Prestige Mode Disabled": "2024-03-07 11:01:37 +0000",
      "Completed Age of Enhancement§r": "2024-03-07 11:01:37 +0000"
    },
    "done": false
  },
  "tutorial:tutorial/copied/watercollection": {
    "criteria": {
      "Right Click Vanilla Cauldron with Water Inside": "2024-03-07 15:16:13 +0000"
    },
    "done": false
  },
  "sf4:age1/completenoprestige": {
    "criteria": {
      "Completed Air Fryer§r": "2024-03-07 12:07:45 +0000",
      "Prestige Mode Disabled": "2024-03-07 11:01:37 +0000",
      "Completed That\u0027s Dir-tree§r": "2024-03-07 16:07:27 +0000",
      "Completed You Cotton Be Kidding Me§r": "2024-03-07 12:15:24 +0000",
      "Completed Sticky Keys§r": "2024-03-07 16:07:27 +0000",
      "Completed Water You Waiting For?§r": "2024-03-07 15:23:18 +0000",
      "Completed Break a Leg§r": "2024-03-07 15:44:27 +0000",
      "Completed Hotbois§r": "2024-03-07 12:05:09 +0000",
      "Completed Root": "2024-03-07 11:01:37 +0000",
      "Completed Nap Time§r": "2024-03-07 11:05:13 +0000",
      "Completed Trees to Diamonds§r": "2024-03-07 13:47:12 +0000",
      "Completed Cobble Cobble§r": "2024-03-07 11:55:36 +0000",
      "Completed Not a Helmet§r": "2024-03-07 12:04:06 +0000",
      "Completed Dirty Dancing§r": "2024-03-07 16:13:28 +0000",
      "Completed Amber is the Color of my Dinosaur§r": "2024-03-07 11:51:27 +0000",
      "Completed SkyFactory 4§r": "2024-03-07 11:01:37 +0000",
      "Completed Bubble, Bubble§r": "2024-03-07 13:14:52 +0000",
      "Completed You Cotton Something?§r": "2024-03-07 13:35:57 +0000",
      "Completed On the Rocks§r": "2024-03-07 11:26:26 +0000",
      "Completed Oh, the Irony§r": "2024-03-07 12:40:02 +0000",
      "Completed Starting from the Bottom§r": "2024-03-07 16:12:49 +0000"
    },
    "done": false
  },
  "sf4:age_farming/root": {
    "criteria": {
      "inventoryChange": "2024-03-07 11:01:37 +0000"
    },
    "done": true
  },
  "sf4:age_exploration/completenoprestige": {
    "criteria": {
      "Completed Age of Exploration§r": "2024-03-07 11:01:37 +0000",
      "Prestige Mode Disabled": "2024-03-07 11:01:37 +0000"
    },
    "done": false
  },
  "sf4:age_power/root": {
    "criteria": {
      "inventoryChange": "2024-03-07 11:01:37 +0000"
    },
    "done": true
  },
  "sf4:age1/sleep": {
    "criteria": {
      "Completed Root": "2024-03-07 11:01:37 +0000",
      "Right Click on Bed": "2024-03-07 11:05:13 +0000"
    },
    "done": true
  },
  "sf4:age1/sapling/lead": {
    "criteria": {
      "Completed Root": "2024-03-07 11:01:37 +0000"
    },
    "done": false
  },
  "sf4:age1/sapling/diamond": {
    "criteria": {
      "Completed Root": "2024-03-07 11:01:37 +0000"
    },
    "done": false
  },
  "sf4:age1/watersource": {
    "criteria": {
      "Completed SkyFactory 4§r": "2024-03-07 11:01:37 +0000",
      "Completed Root": "2024-03-07 11:01:37 +0000"
    },
    "done": false
  },
  "sf4:age1/cauldron": {
    "criteria": {
      "Completed Root": "2024-03-07 11:01:37 +0000",
      "Obtain a Cauldron": "2024-03-07 13:14:52 +0000"
    },
    "done": true
  },
  "sf4:age1/cobblestone_generator": {
    "criteria": {
      "Completed Root": "2024-03-07 11:01:37 +0000",
      "Open Chest Filled with Cobblestone": "2024-03-07 11:55:36 +0000"
    },
    "done": true
  },
  "tutorial:tutorial/copied/cobblestone": {
    "criteria": {
      "Obtain Cobblestone Block": "2024-03-07 11:26:26 +0000"
    },
    "done": false
  },
  "sf4:age1/sapling/gravel": {
    "criteria": {
      "Completed Root": "2024-03-07 11:01:37 +0000"
    },
    "done": false
  },
  "sf4:age1/prestige_notify": {
    "criteria": {
      "Completed Root": "2024-03-07 11:01:37 +0000"
    },
    "done": false
  },
  "sf4:age1/crushing_tub": {
    "criteria": {
      "Completed Root": "2024-03-07 11:01:37 +0000"
    },
    "done": false
  },
  "sf4:age1/lava": {
    "criteria": {
      "Completed Root": "2024-03-07 11:01:37 +0000",
      "Obtain Lava Iron Bucket": "2024-03-07 12:05:09 +0000"
    },
    "done": true
  },
  "pacifist:pacifist_run/lose": {
    "criteria": {
      "killed poor innocent creature": "2024-03-07 11:08:58 +0000"
    },
    "done": false
  },
  "sf4:age1/root": {
    "criteria": {
      "non_tutorial_start": "2024-03-07 11:01:37 +0000"
    },
    "done": true
  },
  "sf4:age1/sapling/donut": {
    "criteria": {
      "Completed Root": "2024-03-07 11:01:37 +0000"
    },
    "done": false
  },
  "sf4:age_farming/fertilesoil": {
    "criteria": {
      "Obtain Fertile Soil": "2024-03-07 15:39:18 +0000"
    },
    "done": true
  },
  "sf4:age1/sapling/silver": {
    "criteria": {
      "Completed Root": "2024-03-07 11:01:37 +0000"
    },
    "done": false
  },
  "sf4:age_power/completenoprestige": {
    "criteria": {
      "Prestige Mode Disabled": "2024-03-07 11:01:37 +0000",
      "Completed Age of Power§r": "2024-03-07 11:01:37 +0000"
    },
    "done": false
  },
  "sf4:age1/sapling/clay": {
    "criteria": {
      "Completed Root": "2024-03-07 11:01:37 +0000"
    },
    "done": false
  },
  "sf4:age1/cobblestone": {
    "criteria": {
      "Completed Root": "2024-03-07 11:01:37 +0000",
      "Obtain Cobblestone Block": "2024-03-07 11:26:26 +0000"
    },
    "done": true
  },
  "sf4:age1/sapling/gold": {
    "criteria": {
      "Completed Root": "2024-03-07 11:01:37 +0000"
    },
    "done": false
  },
  "tutorial:tutorial/dryingrack": {
    "criteria": {
      "Obtain Oak Wood Planks": "2024-03-07 12:07:45 +0000"
    },
    "done": false
  },
  "sf4:age1/amber/tin": {
    "criteria": {
      "Completed Root": "2024-03-07 11:01:37 +0000"
    },
    "done": false
  },
  "compactmachines:test/9x9x9": {
    "criteria": {
      "Obtain End Stone": "2024-03-07 15:50:46 +0000"
    },
    "done": false
  },
  "sf4:age1/acorn/dirt": {
    "criteria": {
      "Obtain Dirt Acorn": "2024-03-07 16:12:49 +0000",
      "Completed Root": "2024-03-07 11:01:37 +0000"
    },
    "done": true
  },
  "sf4:age_allthethingsomglol/complete": {
    "criteria": {
      "Completed Age of ALLTHETHINGSOMGLOL§r": "2024-03-07 11:01:37 +0000"
    },
    "done": false
  },
  "tutorial:tutorial/oakwood": {
    "criteria": {
      "Obtain Oak Wood": "2024-03-07 11:16:05 +0000"
    },
    "done": false
  },
  "sf4:age_enhancement/root": {
    "criteria": {
      "inventoryChange": "2024-03-07 11:01:37 +0000"
    },
    "done": true
  },
  "sf4:age_exploration/complete": {
    "criteria": {
      "Completed Age of Exploration§r": "2024-03-07 11:01:37 +0000"
    },
    "done": false
  },
  "sf4:age1/sapling/dirt": {
    "criteria": {
      "Obtain Dirt Sapling": "2024-03-07 16:07:27 +0000",
      "Completed Root": "2024-03-07 11:01:37 +0000"
    },
    "done": true
  },
  "sf4:age1/resourcehogs": {
    "criteria": {
      "Completed Root": "2024-03-07 11:01:37 +0000"
    },
    "done": false
  },
  "sf4:age1/iron_ingot": {
    "criteria": {
      "Completed Root": "2024-03-07 11:01:37 +0000",
      "Obtain Iron Ingot": "2024-03-07 12:40:02 +0000"
    },
    "done": true
  },
  "sf4:age1/green_slimy_dirt": {
    "criteria": {
      "Completed Root": "2024-03-07 11:01:37 +0000"
    },
    "done": false
  },
  "sf4:age_storage/hopper": {
    "criteria": {
      "Obtain Hopper": "2024-03-07 13:30:28 +0000"
    },
    "done": true
  },
  "sf4:age1/iron_bucket": {
    "criteria": {
      "Completed Root": "2024-03-07 11:01:37 +0000",
      "Obtain Iron Bucket": "2024-03-07 12:04:06 +0000"
    },
    "done": true
  },
  "sf4:age1/amber/silver": {
    "criteria": {
      "Completed Root": "2024-03-07 11:01:37 +0000"
    },
    "done": false
  },
  "sf4:age1/amber/lead": {
    "criteria": {
      "Completed Root": "2024-03-07 11:01:37 +0000"
    },
    "done": false
  },
  "tutorial:tutorial/copied/sleep": {
    "criteria": {
      "Slept in a bed": "2024-03-07 11:05:13 +0000"
    },
    "done": false
  },
  "sf4:age1/amber/gold": {
    "criteria": {
      "Completed Root": "2024-03-07 11:01:37 +0000"
    },
    "done": false
  },
  "tutorial:tutorial/dirtsapling": {
    "criteria": {
      "Obtain a Dirt Sapling": "2024-03-07 16:07:27 +0000"
    },
    "done": false
  },
  "tutorial:tutorial/copied/cauldron": {
    "criteria": {
      "Obtain a Cauldron": "2024-03-07 13:14:52 +0000"
    },
    "done": false
  },
  "sf4:age_farming/skyorchards": {
    "criteria": {
      "Obtain Dirt Sapling": "2024-03-07 16:07:27 +0000",
      "Obtain Cottonwood Sapling": "2024-03-07 12:15:24 +0000",
      "Obtain Bone Sapling": "2024-03-07 15:44:27 +0000"
    },
    "done": false
  },
  "sf4:age_exploration/skygriddragonkill": {
    "criteria": {
      "Completed Age of Exploration§r": "2024-03-07 11:01:37 +0000"
    },
    "done": false
  },
  "tutorial:tutorial/copied/water": {
    "criteria": {
      "Obtain Water in an Iron Bucket": "2024-03-07 15:23:18 +0000"
    },
    "done": false
  },
  "sf4:age1/sapling/lapis": {
    "criteria": {
      "Completed Root": "2024-03-07 11:01:37 +0000"
    },
    "done": false
  },
  "sf4:age1/coal": {
    "criteria": {
      "Completed Root": "2024-03-07 11:01:37 +0000"
    },
    "done": false
  },
  "tutorial:tutorial/copied/iron": {
    "criteria": {
      "Obtain Iron Amber": "2024-03-07 11:51:27 +0000"
    },
    "done": false
  },
  "sf4:age_exploration/root": {
    "criteria": {
      "inventoryChange": "2024-03-07 11:01:37 +0000"
    },
    "done": true
  },
  "sf4:age_storage/root": {
    "criteria": {
      "inventoryChange": "2024-03-07 11:01:37 +0000"
    },
    "done": true
  },
  "sf4:age1/diamond": {
    "criteria": {
      "Obtain Diamond": "2024-03-07 13:47:12 +0000",
      "Completed Root": "2024-03-07 11:01:37 +0000"
    },
    "done": true
  },
  "sf4:age1/obsidian": {
    "criteria": {
      "Completed Root": "2024-03-07 11:01:37 +0000"
    },
    "done": false
  },
  "tutorial:tutorial/copied/lava": {
    "criteria": {
      "Obtain Lava Iron Bucket": "2024-03-07 12:05:09 +0000"
    },
    "done": false
  },
  "sf4:age1/sapling/sand": {
    "criteria": {
      "Completed Root": "2024-03-07 11:01:37 +0000"
    },
    "done": false
  },
  "sf4:age1/dirt": {
    "criteria": {
      "Completed Root": "2024-03-07 11:01:37 +0000",
      "Craft Dirt Block": "2024-03-07 16:13:28 +0000"
    },
    "done": true
  },
  "sf4:age1/sapling/coal": {
    "criteria": {
      "Completed Root": "2024-03-07 11:01:37 +0000"
    },
    "done": false
  },
  "sf4:age_enhancement/complete": {
    "criteria": {
      "Completed Age of Enhancement§r": "2024-03-07 11:01:37 +0000"
    },
    "done": false
  },
  "sf4:age1/sapling/iron": {
    "criteria": {
      "Completed Root": "2024-03-07 11:01:37 +0000"
    },
    "done": false
  },
  "sf4:age1/stone_crook": {
    "criteria": {
      "Completed Root": "2024-03-07 11:01:37 +0000"
    },
    "done": false
  },
  "sf4:age1/sapling/bone": {
    "criteria": {
      "Completed Root": "2024-03-07 11:01:37 +0000",
      "Obtain Bone Sapling": "2024-03-07 15:44:27 +0000"
    },
    "done": true
  },
  "pacifist:pacifist_run/peaceful": {
    "criteria": {
      "brokeLeaves": "2024-03-07 12:29:22 +0000",
      "brokeLog": "2024-03-07 11:22:11 +0000"
    },
    "done": false
  },
  "sf4:age1/water": {
    "criteria": {
      "Completed Root": "2024-03-07 11:01:37 +0000",
      "Obtain Water in an Iron Bucket": "2024-03-07 15:23:18 +0000"
    },
    "done": true
  },
  "sf4:age1/acorn/dirt_cooked": {
    "criteria": {
      "Completed Root": "2024-03-07 11:01:37 +0000"
    },
    "done": false
  },
  "sf4:age1/twerk": {
    "criteria": {
      "Completed Root": "2024-03-07 11:01:37 +0000",
      "Obtain 8 Dirt Saplings": "2024-03-07 16:07:27 +0000",
      "Obtain 8 Oak Logs": "2024-03-07 11:16:05 +0000"
    },
    "done": true
  },
  "tutorial:tutorial/copied/diamond": {
    "criteria": {
      "Obtain Diamond": "2024-03-07 13:47:12 +0000"
    },
    "done": false
  },
  "tutorial:tutorial/copied/string": {
    "criteria": {
      "Obtain Cottonwood Sapling": "2024-03-07 12:15:24 +0000",
      "Obtain String": "2024-03-07 13:35:57 +0000"
    },
    "done": false
  },
  "sf4:age_power/complete": {
    "criteria": {
      "Completed Age of Power§r": "2024-03-07 11:01:37 +0000"
    },
    "done": false
  },
  "hardcore:hardcore/survive": {
    "criteria": {
      "Get killed": "2024-03-07 11:58:06 +0000"
    },
    "done": false
  },
  "sf4:age1/clay_bucket": {
    "criteria": {
      "Completed Root": "2024-03-07 11:01:37 +0000"
    },
    "done": false
  },
  "sf4:age_farming/complete": {
    "criteria": {
      "Completed Shredded Wheat§r": "2024-03-07 11:32:35 +0000",
      "Completed Age of Farming§r": "2024-03-07 11:01:37 +0000"
    },
    "done": false
  },
  "sf4:age1/amber/iron": {
    "criteria": {
      "Completed Root": "2024-03-07 11:01:37 +0000",
      "Obtain Iron Amber": "2024-03-07 11:51:27 +0000"
    },
    "done": true
  },
  "tutorial:tutorial/copied/ironbucket": {
    "criteria": {
      "Obtain Iron Bucket": "2024-03-07 12:04:06 +0000"
    },
    "done": false
  },
  "tutorial:tutorial/copied/ironingot": {
    "criteria": {
      "Obtain Iron Ingot": "2024-03-07 12:40:02 +0000"
    },
    "done": false
  },
  "sf4:age1/drying_rack": {
    "criteria": {
      "Completed Root": "2024-03-07 11:01:37 +0000",
      "Obtain Drying Rack": "2024-03-07 12:07:45 +0000"
    },
    "done": true
  },
  "tutorial:tutorial/placeoak": {
    "criteria": {
      "Placed Oak Wood Slab": "2024-03-07 16:20:59 +0000",
      "Placed Oak Planks": "2024-03-07 13:35:01 +0000"
    },
    "done": false
  },
  "sf4:age_allthethingsomglol/complete_no_prestige": {
    "criteria": {
      "Prestige Mode Disabled": "2024-03-07 11:01:37 +0000",
      "Completed Age of ALLTHETHINGSOMGLOL§r": "2024-03-07 11:01:37 +0000"
    },
    "done": false
  },
  "sf4:age1/sapling": {
    "criteria": {
      "Completed SkyFactory 4§r": "2024-03-07 11:01:37 +0000",
      "Has Sapling": "2024-03-07 11:16:32 +0000",
      "Completed Root": "2024-03-07 11:01:37 +0000"
    },
    "done": false
  },
  "sf4:age_farming/complete_no_prestige": {
    "criteria": {
      "Prestige Mode Disabled": "2024-03-07 11:01:37 +0000",
      "Completed Shredded Wheat§r": "2024-03-07 11:32:35 +0000",
      "Completed Fertile Soil§r": "2024-03-07 15:39:18 +0000",
      "Completed Age of Farming§r": "2024-03-07 11:01:37 +0000"
    },
    "done": false
  },
  "sf4:age_allthethingsomglol/root": {
    "criteria": {
      "inventoryChange": "2024-03-07 11:01:37 +0000"
    },
    "done": true
  }
}