{"stat.pickup.minecraft.wooden_slab":3,"stat.leaveGame":4,"stat.mineBlock.sky_orchards.leaves_gravel":5,"stat.pickup.minecraft.flint":4,"stat.pickup.sky_orchards.resin_dirt":77,"stat.pickup.pickletweaks.coal_piece":6,"stat.swimOneCm":219,"stat.useItem.minecraft.planks":1,"stat.craftItem.sky_orchards.sapling_petrified":1,"stat.drop.minecraft.cobblestone":4,"stat.mineBlock.sky_orchards.log_dirt":5,"stat.useItem.minecraft.dirt":3,"stat.useItem.minecraft.stone_slab2":37,"stat.craftItem.minecraft.furnace":4,"stat.craftItem.sky_orchards.sapling_gravel":2,"stat.pickup.sky_orchards.sapling_dirt":66,"stat.craftItem.minecraft.stone_axe":2,"stat.mineBlock.sky_orchards.leaves_dirt":11,"stat.pickup.minecraft.cobblestone":10,"stat.mineBlock.minecraft.wooden_slab":3,"stat.mineBlock.minecraft.clay":3,"stat.flyOneCm":1670,"stat.pickup.sky_orchards.resin_coal":1,"stat.craftItem.minecraft.wooden_slab":108,"stat.pickup.sky_orchards.resin_petrified":26,"stat.pickup.sky_orchards.sapling_petrified":52,"stat.timeSinceDeath":60445,"stat.drop.minecraft.log":6,"stat.useItem.minecraft.wooden_slab":60,"stat.furnaceInteraction":29,"stat.useItem.tconstruct.rack":3,"stat.useItem.sky_orchards.sapling_clay":2,"stat.useItem.tp.toasted_bread":1,"stat.craftItem.thermalfoundation.material":16,"stat.pickup.minecraft.string":1,"stat.pickup.sky_orchards.acorn_coal":11,"stat.mineBlock.sky_orchards.leaves_clay":9,"stat.drop.sky_orchards.acorn_petrified":1,"stat.craftItem.minecraft.stone_slab2":0,"stat.useItem.sky_orchards.sapling_petrified":14,"stat.craftItem.tconstruct.tooltables":10,"stat.pickup.sky_orchards.acorn_dirt":50,"stat.sprintOneCm":26141,"stat.pickup.sky_orchards.sapling_coal":1,"stat.craftItem.minecraft.stick":8,"stat.craftItem.minecraft.wooden_axe":1,"stat.mineBlock.sky_orchards.leaves_petrified":194,"stat.mineBlock.minecraft.planks":1,"stat.deaths":1,"stat.drop":10,"stat.playOneMinute":66204,"stat.pickup.tconstruct.rack":1,"stat.craftItem.sky_orchards.sapling_clay":2,"stat.useItem.sky_orchards.acorn_dirt":4,"stat.craftItem.minecraft.clay":6,"stat.pickup.tconstruct.seared":1,"stat.chestOpened":97,"stat.pickup.tconstruct.tooltables":2,"stat.craftItem.tp.cobblegen_block":2,"stat.pickup.minecraft.wooden_pressure_plate":9,"stat.pickup.sky_orchards.acorn_petrified":70,"stat.useItem.inspirations.wooden_crook":199,"stat.useItem.minecraft.clay":2,"stat.craftItem.minecraft.coal":6,"stat.pickup.sky_orchards.resin_clay":7,"stat.jump":109,"stat.useItem.sky_orchards.sapling_gravel":1,"stat.craftItem.tconstruct.rack":10,"stat.fallOneCm":135953,"stat.pickup.minecraft.iron_ingot":1,"stat.craftItem.bonsaitrees.bonsaipot":2,"stat.crouchOneCm":7491,"stat.mineBlock.minecraft.chest":4,"stat.pickup.minecraft.spider_eye":1,"stat.craftItem.minecraft.chest":5,"stat.craftItem.minecraft.torch":4,"stat.craftingTableInteraction":2,"stat.pickup.sky_orchards.sapling_sand":7,"stat.mineBlock.tconstruct.rack":1,"stat.mineBlock.tconstruct.tooltables":2,"stat.craftItem.tconstruct.pattern":30,"stat.damageTaken":466,"stat.mineBlock.minecraft.torch":5,"stat.drop.sky_orchards.sapling_gravel":1,"stat.pickup.minecraft.planks":42,"stat.mineBlock.sky_orchards.sapling_petrified":1,"stat.pickup.sky_orchards.sapling_clay":12,"stat.damageDealt":160,"stat.craftItem.minecraft.glass":5,"stat.mineBlock.minecraft.dirt":1,"stat.pickup.sky_orchards.acorn_bone":2,"stat.walkOneCm":186349,"stat.useItem.minecraft.torch":5,"stat.useItem.minecraft.chest":2,"stat.mineBlock.sky_orchards.sapling_dirt":2,"stat.pickup.minecraft.stick":2,"stat.pickup.sky_orchards.sapling_bone":3,"stat.useItem.minecraft.log":5,"stat.pickup.minecraft.clay_ball":12,"stat.craftItem.inspirations.wooden_crook":2,"stat.craftItem.minecraft.crafting_table":2,"stat.pickup.sky_orchards.acorn_clay":11,"stat.mineBlock.sky_orchards.sapling_clay":1,"stat.pickup.minecraft.log":56,"stat.drop.sky_orchards.acorn_gravel":1,"stat.pickup.sky_orchards.resin_gravel":5,"stat.craftItem.rustic.crushing_tub":2,"stat.pickup.sky_orchards.acorn_gravel":12,"stat.mineBlock.slabmachines.workbench_slab":1,"stat.useItem.tconstruct.pickaxe":1,"stat.useItem.slabmachines.furnace_slab":2,"stat.pickup.sky_orchards.acorn_sand":17,"stat.pickup.sky_orchards.sapling_gravel":10,"stat.pickup.slabmachines.workbench_slab":1,"stat.craftItem.minecraft.planks":196,"stat.craftItem.minecraft.dirt":6,"stat.killEntity.Spider":1,"stat.useItem.minecraft.wooden_pressure_plate":8,"stat.mobKills":1,"stat.craftItem.slabmachines.furnace_slab":8,"stat.pickup.minecraft.torch":5,"stat.mineBlock.tconstruct.seared":1,"stat.sneakTime":2588,"stat.drop.minecraft.stone_axe":1,"stat.useItem.minecraft.wooden_axe":15,"stat.craftItem.minecraft.brick":6,"stat.craftItem.minecraft.cobblestone":33,"stat.useItem.sky_orchards.sapling_dirt":2,"stat.drop.minecraft.wooden_axe":1,"stat.pickup.minecraft.chest":4}