{"stat.mineBlock.sky_orchards.log_coal":73,"stat.drop.sky_orchards.resin_dirt":30,"stat.useItem.sky_orchards.sapling_cottonwood":1,"stat.leaveGame":5,"stat.mineBlock.sky_orchards.leaves_gravel":78,"stat.pickup.minecraft.flint":12,"stat.pickup.sky_orchards.resin_dirt":386,"stat.useItem.thermalfoundation.tool.axe_tin":231,"stat.pickup.pickletweaks.coal_piece":20,"stat.swimOneCm":650,"stat.useItem.minecraft.planks":13,"stat.mineBlock.sky_orchards.log_dirt":258,"stat.craftItem.inspirations.stone_crook":6,"stat.useItem.sky_orchards.sapling_bone":18,"stat.useItem.minecraft.stone_slab2":30,"stat.pickup.sky_orchards.resin_cottonwood":1,"stat.pickup.minecraft.rotten_flesh":1,"stat.pickup.sky_orchards.sapling_dirt":344,"stat.craftItem.minecraft.stone_axe":17,"stat.mineBlock.sky_orchards.leaves_dirt":981,"stat.pickup.minecraft.cobblestone":7,"stat.flyOneCm":4525,"stat.mineBlock.sky_orchards.leaves_coal":56,"stat.pickup.sky_orchards.resin_coal":107,"stat.pickup.sky_orchards.resin_petrified":398,"stat.pickup.sky_orchards.sapling_petrified":128,"stat.timeSinceDeath":36881,"stat.drop.minecraft.log":28,"stat.mineBlock.sky_orchards.sapling_sand":3,"stat.drop.tconstruct.tooltables":1,"stat.pickup.minecraft.wooden_axe":1,"stat.pickup.thermalfoundation.material":2,"stat.furnaceInteraction":2,"stat.useItem.sky_orchards.sapling_clay":29,"stat.craftItem.thermalfoundation.tool.axe_tin":2,"stat.pickup.sky_orchards.acorn_coal":45,"stat.mineBlock.sky_orchards.leaves_clay":400,"stat.drop.sky_orchards.acorn_petrified":5,"stat.pickup.sky_orchards.sapling_cottonwood":3,"stat.drop.sky_orchards.acorn_dirt":25,"stat.useItem.sky_orchards.sapling_petrified":42,"stat.pickup.sky_orchards.acorn_dirt":209,"stat.sprintOneCm":73724,"stat.pickup.sky_orchards.sapling_coal":34,"stat.craftItem.minecraft.stick":24,"stat.craftItem.minecraft.wooden_axe":4,"stat.mineBlock.sky_orchards.leaves_petrified":493,"stat.pickup.inspirations.wooden_crook":2,"stat.deaths":3,"stat.mineBlock.minecraft.planks":13,"stat.drop":22,"stat.playOneMinute":132712,"stat.killEntity.Zombie":1,"stat.useItem.sky_orchards.sapling_sand":30,"stat.chestOpened":125,"stat.useItem.inspirations.stone_crook":1493,"stat.pickup.tconstruct.tooltables":1,"stat.pickup.inspirations.stone_crook":2,"stat.mineBlock.sky_orchards.leaves_bone":158,"stat.pickup.minecraft.stone_axe":2,"stat.pickup.sky_orchards.acorn_petrified":137,"stat.drop.minecraft.flint":4,"stat.useItem.inspirations.wooden_crook":724,"stat.pickup.sky_orchards.resin_sand":249,"stat.pickup.sky_orchards.resin_clay":174,"stat.jump":263,"stat.useItem.sky_orchards.sapling_gravel":4,"stat.fallOneCm":135884,"stat.useItem.minecraft.stone_axe":731,"stat.crouchOneCm":32662,"stat.craftItem.minecraft.chest":8,"stat.mineBlock.sky_orchards.log_sand":164,"stat.craftItem.minecraft.torch":16,"stat.pickup.minecraft.dirt":3,"stat.mineBlock.sky_orchards.sapling_bone":4,"stat.craftingTableInteraction":3,"stat.mineBlock.sky_orchards.leaves_sand":209,"stat.pickup.sky_orchards.resin_bone":97,"stat.pickup.sky_orchards.sapling_sand":86,"stat.damageTaken":874,"stat.drop.sky_orchards.sapling_gravel":3,"stat.pickup.minecraft.dye":23,"stat.pickup.minecraft.planks":108,"stat.pickup.sky_orchards.sapling_clay":98,"stat.pickup.statues.blockplayerstatue":1,"stat.damageDealt":208,"stat.mineBlock.sky_orchards.log_bone":61,"stat.mineBlock.minecraft.dirt":4,"stat.pickup.sky_orchards.acorn_bone":54,"stat.walkOneCm":589825,"stat.useItem.minecraft.torch":3,"stat.useItem.minecraft.chest":7,"stat.playerKills":1,"stat.mineBlock.sky_orchards.sapling_dirt":4,"stat.pickup.minecraft.stick":2,"stat.pickup.sky_orchards.sapling_bone":47,"stat.useItem.minecraft.log":3,"stat.craftItem.inspirations.wooden_crook":16,"stat.pickup.sky_orchards.acorn_clay":70,"stat.pickup.minecraft.log":976,"stat.mineBlock.sky_orchards.log_gravel":29,"stat.drop.sky_orchards.acorn_gravel":3,"stat.pickup.sky_orchards.resin_gravel":44,"stat.pickup.sky_orchards.acorn_gravel":24,"stat.drop.minecraft.planks":30,"stat.pickup.sky_orchards.acorn_sand":115,"stat.pickup.sky_orchards.sapling_gravel":21,"stat.drop.sky_orchards.sapling_dirt":79,"stat.pickup.thermalfoundation.tool.axe_tin":2,"stat.craftItem.minecraft.planks":288,"stat.mobKills":1,"stat.mineBlock.minecraft.log":8,"stat.mineBlock.sky_orchards.log_clay":126,"stat.drop.sky_orchards.acorn_clay":5,"stat.useItem.sky_orchards.sapling_coal":18,"stat.sneakTime":9081,"stat.useItem.minecraft.wooden_axe":93,"stat.craftItem.minecraft.cobblestone":26,"stat.useItem.sky_orchards.sapling_dirt":56,"stat.mineBlock.sky_orchards.log_petrified":276}