{"stat.cakeSlicesEaten":51,"stat.pickup.minecraft.bone":9,"stat.pickup.minecraft.wooden_slab":15,"stat.leaveGame":3,"stat.mineBlock.minecraft.pumpkin":49,"stat.mineBlock.minecraft.cobblestone":28,"stat.pickup.minecraft.stone_pickaxe":2,"stat.killEntity.Human":46,"stat.craftItem.minecraft.bone":168,"stat.useItem.minecraft.diamond_sword":95,"stat.pickup.pickletweaks.coal_piece":80,"stat.useItem.minecraft.glowstone":1,"stat.craftItem.sky_orchards.amber_bone":59,"stat.swimOneCm":22996,"stat.climbOneCm":87180,"stat.useItem.minecraft.planks":6,"stat.pickup.minecraft.glowstone":39,"stat.pickup.minecraft.cooked_porkchop":18,"stat.pickup.minecraft.glowstone_dust":3,"stat.pickup.minecraft.porkchop":25,"stat.pickup.minecraft.blaze_powder":25,"stat.useItem.minecraft.dirt":20,"stat.pickup.rustic.chair_oak":2,"stat.useItem.minecraft.stone_slab2":88,"stat.useItem.minecraft.water_bucket":46,"stat.pickup.minecraft.rotten_flesh":13,"stat.pickup.minecraft.sand":1,"stat.pickup.minecraft.stone_hoe":1,"stat.useItem.inspirations.carrot_seeds":1,"stat.pickup.darkutils.trap_move":3,"stat.entityKilledBy.Spider":1,"stat.useItem.xlfoodmod.corn_seeds":4,"stat.pickup.minecraft.bucket":2,"stat.craftItem.minecraft.stone_pickaxe":4,"stat.craftItem.minecraft.cooked_beef":17,"stat.killEntity.Enderman":4,"stat.pickup.minecraft.cobblestone":106,"stat.mineBlock.minecraft.wooden_slab":19,"stat.craftItem.pickletweaks.coal_piece":232,"stat.craftItem.minecraft.stone_sword":19,"stat.flyOneCm":116134,"stat.mineBlock.minecraft.sand":1,"stat.craftItem.minecraft.wooden_slab":462,"stat.timeSinceDeath":18115,"stat.hopperInspected":2,"stat.drop.minecraft.log":1,"stat.useItem.minecraft.wooden_slab":392,"stat.killEntity.ranged_rogue_android":18,"stat.useItem.minecraft.potato":18,"stat.furnaceInteraction":114,"stat.useItem.minecraft.cooked_porkchop":5,"stat.useItem.minecraft.pumpkin_seeds":18,"stat.useItem.statues.blockplayerstatue":5,"stat.craftItem.minecraft.pumpkin_seeds":24,"stat.killEntity.ZombieVillager":1,"stat.killEntity.Creeper":73,"stat.useItem.xlfoodmod.coffee":1,"stat.pickup.minecraft.string":3,"stat.pickup.sky_orchards.amber_iron":1,"stat.pickup.minecraft.beef":29,"stat.pickup.xlfoodmod.corn_seeds":22,"stat.entityKilledBy.Skeleton":1,"stat.craftItem.minecraft.stone_slab2":0,"stat.pickup.inspirations.potato_seeds":9,"stat.sprintOneCm":369831,"stat.mineBlock.minecraft.stone_slab":2,"stat.pickup.minecraft.skull":3,"stat.craftItem.minecraft.stick":160,"stat.pickup.deepmoblearning.soot_covered_redstone":8,"stat.pickup.integrateddynamics.menril_log":2,"stat.useItem.minecraft.wheat_seeds":34,"stat.pickup.minecraft.pumpkin_seeds":9,"stat.useItem.minecraft.carrot":39,"stat.useItem.minecraft.dye":584,"stat.pickup.xlfoodmod.coffee_cup":1,"stat.deaths":28,"stat.mineBlock.minecraft.planks":1,"stat.drop":6,"stat.craftItem.minecraft.melon_seeds":7,"stat.playOneMinute":393083,"stat.useItem.rustic.fertile_soil":192,"stat.pickup.xlfoodmod.raw_corn":18,"stat.pickup.minecraft.iron_block":1,"stat.useItem.minecraft.melon_seeds":4,"stat.killEntity.Zombie":43,"stat.craftItem.minecraft.dye":705,"stat.diveOneCm":11943,"stat.pickup.minecraft.wheat":227,"stat.chestOpened":228,"stat.pickup.minecraft.pumpkin":47,"stat.craftItem.minecraft.cooked_porkchop":37,"stat.pickup.morecauldrons.cobble_cauldron":1,"stat.useItem.minecraft.apple":12,"stat.mineBlock.sky_orchards.leaves_iron":9,"stat.craftItem.minecraft.coal":81,"stat.useItem.sky_orchards.leaves_iron":10,"stat.useItem.xlfoodmod.raw_corn":1,"stat.pickup.minecraft.diamond_sword":2,"stat.jump":10961,"stat.fallOneCm":767479,"stat.pickup.minecraft.iron_ingot":7,"stat.pickup.minecraft.carrot":114,"stat.drop.minecraft.diamond_sword":2,"stat.pickup.minecraft.gunpowder":52,"stat.crouchOneCm":65815,"stat.pickup.minecraft.spider_eye":1,"stat.craftItem.minecraft.iron_ingot":63,"stat.craftItem.minecraft.chest":9,"stat.craftItem.minecraft.torch":204,"stat.pickup.minecraft.dirt":39,"stat.pickup.minecraft.melon":7,"stat.craftItem.minecraft.hopper":12,"stat.damageTaken":10383,"stat.pickup.minecraft.leather":14,"stat.mineBlock.minecraft.torch":16,"stat.mineBlock.minecraft.melon_block":2,"stat.pickup.mysticalagriculture.crafting":10,"stat.pickup.minecraft.dye":64,"stat.pickup.rustic.fertile_soil":13,"stat.pickup.minecraft.wheat_seeds":308,"stat.craftItem.sky_orchards.acorn_iron":168,"stat.pickup.minecraft.potato":96,"stat.useItem.minecraft.stone_pickaxe":43,"stat.useItem.minecraft.stone_sword":950,"stat.pickup.statues.blockplayerstatue":11,"stat.damageDealt":27989,"stat.pickup.thermaldynamics.duct_16":1,"stat.sleepInBed":2,"stat.craftItem.minecraft.baked_potato":66,"stat.killEntity.Cow":14,"stat.mineBlock.minecraft.dirt":39,"stat.pickup.sky_orchards.acorn_iron":102,"stat.killEntity.Pig":12,"stat.craftItem.minecraft.iron_sword":2,"stat.drop.minecraft.stick":3,"stat.walkOneCm":1528367,"stat.useItem.minecraft.torch":74,"stat.animalsBred":26,"stat.pickup.inspirations.carrot_seeds":18,"stat.pickup.minecraft.stick":64,"stat.useItem.minecraft.log":69,"stat.useItem.minecraft.cobblestone":484,"stat.pickup.minecraft.log":375,"stat.useItem.sky_orchards.acorn_iron":11,"stat.mineBlock.rustic.fertile_soil":17,"stat.pickup.cyclicmagic.auto_crafter":1,"stat.pickup.matteroverdrive.rogue_android_part":1,"stat.pickup.minecraft.hopper":1,"stat.mineBlock.rustic.chair_oak":2,"stat.pickup.minecraft.baked_potato":54,"stat.pickup.minecraft.apple":1,"stat.pickup.minecraft.ladder":2,"stat.killEntity.Skeleton":54,"stat.craftItem.minecraft.planks":632,"stat.useItem.minecraft.iron_sword":220,"stat.killEntity.rogue_android":17,"stat.killEntity.Spider":3,"stat.craftItem.minecraft.dirt":64,"stat.pickup.minecraft.stone_sword":2,"stat.craftItem.rustic.fertile_soil":264,"stat.mobKills":282,"stat.mineBlock.minecraft.log":8,"stat.useItem.minecraft.stone_hoe":39,"stat.pickup.minecraft.torch":16,"stat.sneakTime":19101,"stat.useItem.minecraft.baked_potato":12,"stat.pickup.minecraft.stone_slab":1}