{"stat.mineBlock.darkutils.trap_move":1,"stat.pickup.minecraft.bone":20,"stat.craftItem.ceramics.unfired_clay":2,"stat.leaveGame":3,"stat.mineBlock.minecraft.cobblestone":44,"stat.drop.tconstruct.slime_sapling":1,"stat.killEntity.Human":32,"stat.pickup.sky_orchards.resin_dirt":18,"stat.useItem.minecraft.diamond_sword":218,"stat.pickup.pickletweaks.coal_piece":1,"stat.entityKilledBy.Human":2,"stat.craftItem.sky_orchards.amber_iron":16,"stat.swimOneCm":6740,"stat.drop.minecraft.skull":1,"stat.climbOneCm":103720,"stat.pickup.minecraft.cooked_porkchop":18,"stat.pickup.minecraft.porkchop":4,"stat.pickup.matteroverdrive.omni_tool":1,"stat.useItem.minecraft.stone_slab2":19,"stat.entityKilledBy.ranged_rogue_android":3,"stat.pickup.minecraft.leaves2":49,"stat.pickup.minecraft.rotten_flesh":9,"stat.pickup.darkutils.trap_move":16,"stat.entityKilledBy.Spider":1,"stat.pickup.minecraft.bucket":2,"stat.killEntity.Enderman":3,"stat.pickup.minecraft.cobblestone":244,"stat.craftItem.sky_orchards.amber_gold":2,"stat.craftItem.pickletweaks.coal_piece":16,"stat.flyOneCm":61733,"stat.pickup.minecraft.clay":1,"stat.pickup.integrateddynamics.menril_berries":22,"stat.killEntity.Witch":4,"stat.pickup.sky_orchards.resin_coal":17,"stat.craftItem.minecraft.wooden_slab":12,"stat.timeSinceDeath":23946,"stat.pickup.tconstruct.slime_sapling":1,"stat.useItem.minecraft.iron_pickaxe":2,"stat.killEntity.ranged_rogue_android":6,"stat.pickup.integrateddynamics.menril_leaves":42,"stat.furnaceInteraction":16,"stat.useItem.minecraft.cooked_porkchop":5,"stat.killEntity.ZombieVillager":1,"stat.pickup.sky_orchards.acorn_lead":1,"stat.killEntity.Creeper":40,"stat.pickup.headcrumbs.skull":1,"stat.useItem.tp.toasted_bread":1,"stat.pickup.minecraft.string":4,"stat.craftItem.sky_orchards.acorn_dirt":1,"stat.mineBlock.minecraft.ladder":1,"stat.pickup.sky_orchards.acorn_coal":28,"stat.drop.minecraft.obsidian":1,"stat.pickup.sky_orchards.acorn_dirt":30,"stat.sprintOneCm":252080,"stat.pickup.sky_orchards.sapling_coal":2,"stat.mineBlock.minecraft.stone_slab":2,"stat.pickup.minecraft.skull":1,"stat.useItem.minecraft.stone_slab":2,"stat.pickup.sky_orchards.leaves_lapis":7,"stat.pickup.integrateddynamics.menril_log":18,"stat.pickup.sky_orchards.leaves_gravel":7,"stat.pickup.sky_orchards.leaves_coal":9,"stat.pickup.sky_orchards.amber_gravel":1,"stat.craftItem.minecraft.clay_ball":8,"stat.useItem.minecraft.dye":56,"stat.entityKilledBy.Creeper":1,"stat.deaths":25,"stat.drop":35,"stat.pickup.sky_orchards.leaves_dirt":7,"stat.playOneMinute":646114,"stat.useItem.minecraft.ladder":5,"stat.craftItem.minecraft.iron_pickaxe":2,"stat.pickup.sky_orchards.sapling_lapis":2,"stat.useItem.sky_orchards.acorn_dirt":1,"stat.killEntity.Zombie":39,"stat.craftItem.minecraft.clay":4,"stat.drop.statues.blockplayerstatue":2,"stat.pickup.integrateddynamics.crystalized_menril_chunk":21,"stat.pickup.minecraft.wheat":1,"stat.chestOpened":379,"stat.drop.minecraft.hopper":5,"stat.useItem.minecraft.apple":5,"stat.pickup.minecraft.obsidian":2,"stat.pickup.sky_orchards.resin_sand":25,"stat.craftItem.minecraft.coal":2,"stat.pickup.sky_orchards.resin_clay":23,"stat.pickup.rustic.leaves_apple":67,"stat.pickup.tconstruct.hatchet":4,"stat.pickup.sky_orchards.leaves_iron":9,"stat.craftItem.minecraft.diamond_sword":1,"stat.jump":1762,"stat.pickup.tp.birthday_pickaxe":1,"stat.craftItem.tconstruct.rack":2,"stat.fallOneCm":948246,"stat.useItem.tp.birthday_pickaxe":228,"stat.drop.minecraft.dye":7,"stat.drop.minecraft.stone_sword":1,"stat.pickup.minecraft.gunpowder":10,"stat.crouchOneCm":41784,"stat.craftItem.minecraft.iron_ingot":8,"stat.pickup.sky_orchards.resin_lapis":12,"stat.craftingTableInteraction":9,"stat.pickup.sky_orchards.sapling_sand":2,"stat.damageTaken":8715,"stat.mineBlock.minecraft.torch":7,"stat.drop.minecraft.water_bucket":2,"stat.pickup.minecraft.log2":22,"stat.pickup.minecraft.dye":128,"stat.pickup.mysticalagriculture.crafting":6,"stat.craftItem.sky_orchards.amber_lead":2,"stat.pickup.sky_orchards.resin_iron":15,"stat.pickup.minecraft.wheat_seeds":2,"stat.pickup.sky_orchards.sapling_clay":1,"stat.useItem.minecraft.stone_sword":1,"stat.pickup.statues.blockplayerstatue":3,"stat.damageDealt":18867,"stat.drop.sky_orchards.acorn_iron":2,"stat.pickup.sky_orchards.acorn_iron":94,"stat.drop.advancementbook.advancement_book":5,"stat.craftItem.minecraft.iron_sword":1,"stat.drop.minecraft.stick":1,"stat.walkOneCm":1090329,"stat.useItem.minecraft.torch":31,"stat.playerKills":1,"stat.pickup.sky_orchards.leaves_clay":11,"stat.pickup.minecraft.stick":191,"stat.pickup.advancementbook.advancement_book":4,"stat.useItem.minecraft.cobblestone":397,"stat.pickup.sky_orchards.acorn_clay":33,"stat.pickup.sky_orchards.leaves_sand":9,"stat.craftItem.morecauldrons.oak_cauldron":2,"stat.craftItem.sky_orchards.amber_silver":2,"stat.pickup.minecraft.log":221,"stat.mineBlock.pickletweaks.dark_glass":2,"stat.pickup.sky_orchards.resin_gravel":15,"stat.pickup.sky_orchards.acorn_gravel":22,"stat.craftItem.rustic.crushing_tub":2,"stat.pickup.sky_orchards.acorn_sand":29,"stat.pickup.minecraft.hopper":5,"stat.pickup.minecraft.sapling":3,"stat.pickup.minecraft.apple":88,"stat.pickup.minecraft.ladder":7,"stat.drop.minecraft.clay":2,"stat.killEntity.Skeleton":36,"stat.craftItem.minecraft.bucket":2,"stat.craftItem.minecraft.planks":24,"stat.useItem.minecraft.iron_sword":22,"stat.entityKilledBy.rogue_android":1,"stat.killEntity.rogue_android":6,"stat.craftItem.minecraft.dirt":2,"stat.killEntity.Spider":11,"stat.pickup.minecraft.stone_sword":1,"stat.mobKills":185,"stat.pickup.rustic.sapling_apple":2,"stat.pickup.sky_orchards.acorn_lapis":12,"stat.pickup.minecraft.water_bucket":2,"stat.pickup.pickletweaks.dark_glass":1,"stat.pickup.minecraft.torch":37,"stat.drop.tconstruct.hatchet":3,"stat.sneakTime":12923,"stat.drop.minecraft.bucket":2,"stat.pickup.minecraft.stone_slab":9}