{"stat.mineBlock.sky_orchards.log_coal":51,"stat.craftItem.sky_orchards.sapling_sand":1,"stat.useItem.clickmachine.auto_clicker":10,"stat.pickup.minecraft.wooden_slab":99,"stat.leaveGame":6,"stat.pickup.sky_orchards.resin_quartz":4,"stat.pickup.bdsandm.wood_crate":127,"stat.pickup.sky_orchards.amber_clay":80,"stat.useItem.thermalfoundation.tool.axe_tin":802,"stat.mineBlock.tconstruct.channel":5,"stat.entityKilledBy.Human":2,"stat.pickup.rustic.crushing_tub":1,"stat.pickup.tconstruct.faucet":6,"stat.mineBlock.sky_orchards.log_dirt":56,"stat.craftItem.inspirations.dyed_bottle":15,"stat.pickup.sky_orchards.resin_cottonwood":27,"stat.pickup.minecraft.leaves2":23,"stat.pickup.minecraft.rotten_flesh":17,"stat.pickup.horsepower.hand_grindstone":1,"stat.pickup.sky_orchards.acorn_diamond":3,"stat.pickup.sky_orchards.sapling_dirt":204,"stat.craftItem.minecraft.stone_axe":5,"stat.mineBlock.minecraft.wooden_slab":103,"stat.pickup.tconstruct.slime":1,"stat.mineBlock.tcomplement.alloy_tank":6,"stat.pickup.integrateddynamics.menril_sapling":1,"stat.pickup.integrateddynamics.menril_berries":7,"stat.craftItem.bdsandm.upgrade":1,"stat.pickup.sky_orchards.resin_petrified":66,"stat.craftItem.clickmachine.auto_clicker":6,"stat.drop.sky_orchards.sapling_iron":1,"stat.furnaceInteraction":231,"stat.killEntity.ZombieVillager":1,"stat.craftItem.sky_orchards.acorn_dirt":2,"stat.pickup.sky_orchards.acorn_coal":136,"stat.drop.sky_orchards.acorn_dirt":4,"stat.pickup.minecraft.cauldron":10,"stat.craftItem.storagenetwork.storage_kabel":72,"stat.pickup.sky_orchards.acorn_dirt":596,"stat.pickup.inspirations.potato_seeds":4,"stat.pickup.sky_orchards.sapling_coal":42,"stat.mineBlock.minecraft.fence":1,"stat.pickup.tconstruct.smeltery_io":4,"stat.craftItem.minecraft.dropper":20,"stat.pickup.integrateddynamics.crystalized_menril_block":2,"stat.craftItem.morecauldrons.cobble_cauldron":65,"stat.useItem.minecraft.dye":358,"stat.pickup.minecraft.lever":6,"stat.deaths":21,"stat.useItem.tconstruct.smeltery_io":2,"stat.pickup.sky_orchards.leaves_dirt":2,"stat.pickup.sky_orchards.sapling_lapis":5,"stat.drop.inspirations.sugar_cane_seeds":2,"stat.pickup.integrateddynamics.energy_battery":2,"stat.drop.minecraft.torch":1,"stat.drop.minecraft.iron_ingot":2,"stat.craftItem.minecraft.repeater":2,"stat.mineBlock.minecraft.tallgrass":168,"stat.useItem.sky_orchards.sapling_sand":62,"stat.pickup.tconstruct.seared":24,"stat.chestOpened":1498,"stat.pickup.sky_orchards.acorn_quartz":194,"stat.pickup.inspirations.stone_crook":2,"stat.pickup.thermalfoundation.wrench":1,"stat.craftItem.minecraft.sign":3,"stat.pickup.minecraft.arrow":16,"stat.pickup.minecraft.wooden_pressure_plate":7,"stat.useItem.tp.cobblegen_block":6,"stat.mineBlock.sky_orchards.leaves_iron":1,"stat.craftItem.minecraft.quartz_block":72,"stat.useItem.minecraft.clay":40,"stat.craftItem.minecraft.coal":55,"stat.pickup.tconstruct.cast_custom":3,"stat.useItem.sky_orchards.sapling_gravel":27,"stat.craftItem.sky_orchards.sapling_redstone":1,"stat.drop.minecraft.stone_sword":1,"stat.pickup.inspirations.dyed_bottle":3,"stat.crouchOneCm":141742,"stat.craftItem.minecraft.diamond":42,"stat.mineBlock.minecraft.chest":18,"stat.craftItem.minecraft.iron_ingot":244,"stat.pickup.bonsaitrees.bonsaipot":11,"stat.pickup.sky_orchards.resin_lapis":10,"stat.craftItem.minecraft.hopper":7,"stat.craftingTableInteraction":18,"stat.mineBlock.minecraft.wooden_pressure_plate":9,"stat.pickup.sky_orchards.acorn_redstone":55,"stat.mineBlock.tconstruct.smeltery_io":4,"stat.pickup.minecraft.dye":399,"stat.pickup.minecraft.planks":18,"stat.mineBlock.cyclicmagic.melter":1,"stat.pickup.minecraft.wheat_seeds":66,"stat.craftItem.sky_orchards.acorn_iron":38,"stat.pickup.thermaldynamics.duct_16":38,"stat.craftItem.minecraft.magma":12,"stat.pickup.storagenetwork.ex_kabel":10,"stat.mineBlock.minecraft.dirt":28,"stat.craftItem.thermaldynamics.duct_16":60,"stat.pickup.minecraft.poisonous_potato":5,"stat.mineBlock.sky_orchards.leaves_lapis":7,"stat.useItem.sky_orchards.leaves_lapis":3,"stat.pickup.inspirations.carrot_seeds":9,"stat.drop.minecraft.rotten_flesh":1,"stat.useItem.minecraft.cobblestone":26,"stat.pickup.cyclicmagic.auto_packager":1,"stat.pickup.cyclicmagic.auto_crafter":11,"stat.pickup.sky_orchards.resin_gravel":204,"stat.craftItem.minecraft.gold_ingot":9,"stat.drop.minecraft.sapling":3,"stat.pickup.minecraft.hopper":4,"stat.craftItem.cyclicmagic.auto_crafter":10,"stat.drop.sky_orchards.sapling_lapis":2,"stat.pickup.minecraft.apple":135,"stat.pickup.minecraft.end_stone":5,"stat.mineBlock.sky_orchards.sapling_gravel":1,"stat.craftItem.minecraft.bucket":14,"stat.craftItem.minecraft.planks":4640,"stat.craftItem.minecraft.dirt":466,"stat.pickup.morecauldrons.oak_cauldron":2,"stat.pickup.minecraft.stone_sword":1,"stat.mineBlock.minecraft.log":29,"stat.pickup.rustic.sapling_apple":6,"stat.pickup.minecraft.red_flower":9,"stat.mineBlock.sky_orchards.log_cottonwood":16,"stat.useItem.minecraft.wooden_axe":86,"stat.craftItem.minecraft.cobblestone":57,"stat.craftItem.tconstruct.slime":10,"stat.cakeSlicesEaten":9,"stat.craftItem.minecraft.diamond_leggings":1,"stat.craftItem.tconstruct.edible":9,"stat.mineBlock.minecraft.cobblestone":39,"stat.drop.tconstruct.slime_sapling":4,"stat.pickup.minecraft.stone_pickaxe":1,"stat.pickup.minecraft.flint":66,"stat.mineBlock.minecraft.yellow_flower":16,"stat.killEntity.Human":3,"stat.drop.thermalfoundation.material":2,"stat.craftItem.sky_orchards.sapling_emerald":1,"stat.craftItem.minecraft.wool":4,"stat.pickup.pickletweaks.coal_piece":16,"stat.useItem.thermaldynamics.duct_16":12,"stat.mineBlock.sky_orchards.amber_silver":1,"stat.drop.minecraft.cobblestone":3,"stat.pickup.minecraft.cooked_porkchop":4,"stat.mineBlock.morecauldrons.oak_cauldron":2,"stat.useItem.minecraft.obsidian":7,"stat.useItem.minecraft.stone_slab2":242,"stat.pickup.forge.bucketfilled":1,"stat.craftItem.minecraft.furnace":37,"stat.craftItem.minecraft.lapis_block":92,"stat.pickup.tp.cobblegen_block":2,"stat.mineBlock.minecraft.obsidian":11,"stat.mineBlock.sky_orchards.leaves_dirt":149,"stat.craftItem.minecraft.bow":10,"stat.craftItem.sky_orchards.amber_gold":170,"stat.mineBlock.minecraft.clay":43,"stat.flyOneCm":406183,"stat.craftItem.storagenetwork.ex_kabel":4,"stat.mineBlock.sky_orchards.leaves_coal":151,"stat.mineBlock.morecauldrons.cobble_cauldron":7,"stat.timeSinceDeath":93289,"stat.mineBlock.fluxnetworks.fluxpoint":1,"stat.useItem.minecraft.wooden_slab":1967,"stat.craftItem.minecraft.iron_block":10,"stat.useItem.sky_orchards.leaves_gravel":4,"stat.drop.tconstruct.slime_grass":1,"stat.craftItem.tconstruct.slime_dirt":4,"stat.craftItem.tconstruct.seared":43,"stat.pickup.thermaldynamics.duct_0":55,"stat.useItem.tconstruct.rack":2,"stat.drop.sky_orchards.sapling_bone":2,"stat.pickup.sky_orchards.acorn_lead":2,"stat.killEntity.Creeper":11,"stat.craftItem.minecraft.stone_hoe":2,"stat.mineBlock.sky_orchards.leaves_diamond":5,"stat.pickup.minecraft.string":13,"stat.mineBlock.minecraft.ladder":5,"stat.useItem.minecraft.milk_bucket":1,"stat.drop.minecraft.obsidian":1,"stat.craftItem.tconstruct.stone_stick":20,"stat.craftItem.tconstruct.tooltables":9,"stat.sprintOneCm":1172542,"stat.mineBlock.minecraft.stone_slab":5,"stat.drop.thermalfoundation.tool.axe_tin":3,"stat.craftItem.minecraft.wooden_axe":5,"stat.useItem.carryon.tile_item":22,"stat.mineBlock.sky_orchards.leaves_petrified":287,"stat.drop.tconstruct.cleaver":1,"stat.pickup.sky_orchards.leaves_gravel":5,"stat.pickup.inspirations.wooden_crook":2,"stat.drop.minecraft.lava_bucket":1,"stat.craftItem.minecraft.wooden_pressure_plate":9,"stat.drop.cyclicmagic.auto_packager":1,"stat.useItem.minecraft.ladder":3,"stat.pickup.sky_orchards.leaves_lead":1,"stat.mineBlock.bonsaitrees.bonsaipot":9,"stat.craftItem.minecraft.emerald":49,"stat.killEntity.Zombie":2,"stat.craftItem.minecraft.dye":433,"stat.diveOneCm":2966,"stat.craftItem.minecraft.slime_ball":192,"stat.pickup.minecraft.wheat":79,"stat.pickup.tconstruct.tooltables":5,"stat.mineBlock.thermalfoundation.storage_alloy":1,"stat.craftItem.minecraft.ladder":6,"stat.mineBlock.clickmachine.auto_clicker":12,"stat.pickup.minecraft.stone_axe":1,"stat.mineBlock.tconstruct.slime_leaves":11,"stat.useItem.bonsaitrees.bonsaipot":3,"stat.pickup.minecraft.obsidian":12,"stat.pickup.storagenetwork.kabel":75,"stat.craftItem.tcomplement.alloy_tank":2,"stat.craftItem.sky_orchards.sapling_coal":4,"stat.pickup.sky_orchards.resin_clay":47,"stat.jump":4205,"stat.pickup.tp.birthday_pickaxe":1,"stat.useItem.minecraft.sand":1,"stat.mineBlock.sky_orchards.leaves_nickel":1,"stat.pickup.minecraft.coal":1,"stat.pickup.minecraft.iron_ingot":65,"stat.craftItem.minecraft.lever":3,"stat.pickup.minecraft.gunpowder":203,"stat.craftItem.minecraft.torch":152,"stat.mineBlock.sky_orchards.log_sand":262,"stat.pickup.minecraft.dirt":55,"stat.useItem.morecauldrons.cobble_cauldron":11,"stat.craftItem.sky_orchards.sapling_lapis":3,"stat.pickup.sky_orchards.resin_bone":295,"stat.useItem.minecraft.sapling":1,"stat.damageTaken":7117,"stat.useItem.simplegenerators.geothermal_simple":6,"stat.mineBlock.minecraft.torch":19,"stat.mineBlock.minecraft.red_flower":8,"stat.pickup.minecraft.magma_cream":2,"stat.pickup.minecraft.log2":3,"stat.craftItem.minecraft.comparator":1,"stat.craftItem.sky_orchards.amber_lead":5,"stat.pickup.bdsandm.upgrade":1,"stat.pickup.sky_orchards.sapling_clay":57,"stat.pickup.statues.blockplayerstatue":1,"stat.useItem.storagenetwork.storage_kabel":182,"stat.craftItem.minecraft.stone_slab":192,"stat.animalsBred":1,"stat.craftItem.tconstruct.smeltery_io":2,"stat.useItem.minecraft.chest":26,"stat.pickup.sky_orchards.sapling_bone":113,"stat.pickup.sky_orchards.leaves_sand":1,"stat.mineBlock.thermaldynamics.duct_16":15,"stat.craftItem.sky_orchards.amber_gravel":2,"stat.useItem.minecraft.lava_bucket":1,"stat.craftItem.morecauldrons.oak_cauldron":3,"stat.craftItem.slabmachines.chest_slab":64,"stat.craftItem.sky_orchards.amber_silver":3,"stat.useItem.tconstruct.faucet":2,"stat.drop.inspirations.wooden_crook":3,"stat.craftItem.storagenetwork.im_kabel":64,"stat.mineBlock.integrateddynamics.energy_battery":1,"stat.pickup.thermalfoundation.storage":4,"stat.mineBlock.integrateddynamics.menril_leaves":5,"stat.pickup.minecraft.ladder":63,"stat.useItem.minecraft.netherrack":2,"stat.craftItem.cyclicmagic.fluid_pump":6,"stat.mobKills":46,"stat.pickup.minecraft.diamond":116,"stat.pickup.minecraft.beetroot_seeds":1,"stat.mineBlock.rustic.crushing_tub":1,"stat.pickup.minecraft.torch":21,"stat.drop.sky_orchards.acorn_clay":2,"stat.drop.slabmachines.furnace_slab":1,"stat.mineBlock.tp.cobblegen_block":2,"stat.mineBlock.sky_orchards.log_petrified":35,"stat.craftItem.sky_orchards.sapling_cottonwood":1,"stat.pickup.xlfoodmod.coffee":1,"stat.pickup.minecraft.lapis_block":26,"stat.craftItem.storagenetwork.request":2,"stat.useItem.cyclicmagic.fluid_pump":6,"stat.pickup.sky_orchards.resin_lead":2,"stat.useItem.minecraft.planks":7,"stat.pickup.minecraft.blaze_powder":105,"stat.pickup.matteroverdrive.omni_tool":2,"stat.pickup.rustic.chair_oak":1,"stat.useItem.minecraft.water_bucket":11,"stat.drop.sky_orchards.sapling_petrified":1,"stat.pickup.minecraft.sand":1,"stat.pickup.darkutils.trap_move":22,"stat.mineBlock.storagenetwork.ex_kabel":9,"stat.craftItem.tconstruct.casting":1,"stat.mineBlock.minecraft.sand":1,"stat.drop.thermaldynamics.duct_0":1,"stat.hopperInspected":16,"stat.pickup.tconstruct.slime_sapling":5,"stat.useItem.tconstruct.channel":5,"stat.mineBlock.horsepower.hand_grindstone":1,"stat.pickup.integrateddynamics.menril_leaves":12,"stat.craftItem.minecraft.magma_cream":52,"stat.craftItem.minecraft.observer":29,"stat.pickup.xlfoodmod.lettuce_seeds":3,"stat.pickup.tconstruct.cleaver":1,"stat.craftItem.thermalfoundation.material":79,"stat.mineBlock.minecraft.lapis_block":8,"stat.drop.minecraft.wooden_pressure_plate":1,"stat.useItem.minecraft.redstone":6,"stat.drop.minecraft.diamond_helmet":1,"stat.pickup.tconstruct.cast":6,"stat.useItem.thermaldynamics.duct_0":44,"stat.pickup.minecraft.skull":2,"stat.craftItem.minecraft.netherrack":112,"stat.pickup.fluxnetworks.fluxpoint":1,"stat.pickup.sky_orchards.leaves_lapis":72,"stat.mineBlock.storagenetwork.kabel":11,"stat.craftItem.minecraft.sand":230,"stat.pickup.minecraft.pumpkin_seeds":1,"stat.mineBlock.simplegenerators.geothermal_simple":8,"stat.useItem.minecraft.hopper":2,"stat.useItem.storagenetwork.kabel":39,"stat.craftItem.minecraft.heavy_weighted_pressure_plate":16,"stat.craftItem.simplegenerators.geothermal_simple":6,"stat.playOneMinute":931543,"stat.pickup.tconstruct.rack":2,"stat.useItem.sky_orchards.acorn_dirt":1,"stat.pickup.minecraft.dispenser":2,"stat.pickup.minecraft.netherrack":69,"stat.craftItem.darkutils.trap_move":104,"stat.pickup.tp.toasted_bread":1,"stat.drop.minecraft.hopper":4,"stat.pickup.tconstruct.casting":23,"stat.mineBlock.minecraft.netherrack":2,"stat.craftItem.tp.cobblegen_block":6,"stat.craftItem.storagenetwork.kabel":208,"stat.pickup.sky_orchards.acorn_petrified":106,"stat.craftItem.sky_orchards.sapling_diamond":2,"stat.useItem.inspirations.wooden_crook":412,"stat.pickup.sky_orchards.resin_sand":407,"stat.mineBlock.tconstruct.faucet":6,"stat.useItem.sky_orchards.amber_silver":1,"stat.fallOneCm":744769,"stat.pickup.minecraft.melon_seeds":1,"stat.pickup.sky_orchards.sapling_netherrack":3,"stat.mineBlock.sky_orchards.amber_gold":1,"stat.craftItem.minecraft.chest":54,"stat.mineBlock.minecraft.lever":5,"stat.drop.integrateddynamics.menril_sapling":1,"stat.mineBlock.sky_orchards.leaves_sand":55,"stat.pickup.sky_orchards.sapling_sand":169,"stat.pickup.minecraft.comparator":1,"stat.mineBlock.bdsandm.wood_crate":63,"stat.useItem.minecraft.furnace":6,"stat.craftItem.tconstruct.materials":147,"stat.pickup.tconstruct.channel":7,"stat.pickup.storagenetwork.master":1,"stat.pickup.rustic.fertile_soil":6,"stat.craftItem.integrateddynamics.crystalized_menril_block":74,"stat.pickup.slabmachines.furnace_slab":1,"stat.craftItem.tconstruct.seared_tank":4,"stat.useItem.minecraft.stone_pickaxe":136,"stat.drop.tconstruct.seared":14,"stat.mineBlock.sky_orchards.log_bone":197,"stat.drop.advancementbook.advancement_book":3,"stat.craftItem.sky_orchards.amber_tin":47,"stat.drop.minecraft.stick":2,"stat.useItem.minecraft.torch":44,"stat.craftItem.tconstruct.channel":3,"stat.pickup.sky_orchards.leaves_clay":193,"stat.craftItem.minecraft.redstone_block":129,"stat.pickup.advancementbook.advancement_book":1,"stat.useItem.minecraft.log":10,"stat.pickup.minecraft.crafting_table":1,"stat.craftItem.minecraft.crafting_table":29,"stat.mineBlock.storagenetwork.master":1,"stat.pickup.simplegenerators.geothermal_simple":8,"stat.craftItem.ceramics.clay_bucket":3,"stat.pickup.minecraft.log":945,"stat.useItem.storagenetwork.ex_kabel":8,"stat.useItem.sky_orchards.acorn_iron":2,"stat.drop.sky_orchards.acorn_gravel":1,"stat.pickup.matteroverdrive.rogue_android_part":4,"stat.pickup.sky_orchards.acorn_sand":354,"stat.pickup.minecraft.sapling":23,"stat.craftItem.tconstruct.smeltery_controller":1,"stat.pickup.thermalfoundation.tool.axe_tin":1,"stat.mineBlock.tconstruct.slime_grass":1,"stat.killEntity.rogue_android":2,"stat.craftItem.thermaldynamics.duct_0":84,"stat.mineBlock.sky_orchards.log_clay":22,"stat.useItem.minecraft.stone_hoe":3,"stat.pickup.sky_orchards.acorn_lapis":33,"stat.useItem.sky_orchards.sapling_coal":15,"stat.sneakTime":35455,"stat.pickup.sky_orchards.sapling_diamond":33,"stat.pickup.minecraft.stone_slab":12,"stat.pickup.minecraft.yellow_flower":16,"stat.craftItem.slabmachines.workbench_slab":4,"stat.useItem.sky_orchards.sapling_dirt":7,"stat.drop.minecraft.wooden_axe":1,"stat.pickup.clickmachine.auto_clicker":12,"stat.pickup.minecraft.chest":18,"stat.craftItem.minecraft.diamond_chestplate":1,"stat.useItem.minecraft.lapis_block":6,"stat.useItem.thermalfoundation.storage_alloy":1,"stat.pickup.minecraft.bone":11,"stat.craftItem.ceramics.unfired_clay":3,"stat.pickup.minecraft.redstone_torch":2,"stat.mineBlock.sky_orchards.leaves_gravel":147,"stat.craftItem.sky_orchards.sapling_quartz":2,"stat.mineBlock.cyclicmagic.fluid_pump":2,"stat.craftItem.tconstruct.faucet":7,"stat.pickup.sky_orchards.resin_dirt":233,"stat.pickup.sky_orchards.amber_gold":1,"stat.useItem.tconstruct.slime_grass":1,"stat.craftItem.minecraft.diamond_helmet":2,"stat.craftItem.sky_orchards.amber_iron":162,"stat.mineBlock.storagenetwork.im_kabel":14,"stat.swimOneCm":10104,"stat.climbOneCm":63625,"stat.craftItem.inspirations.stone_crook":12,"stat.useItem.sky_orchards.sapling_bone":26,"stat.useItem.minecraft.dirt":133,"stat.entityKilledBy.ranged_rogue_android":1,"stat.craftItem.minecraft.bone_block":15,"stat.craftItem.sky_orchards.sapling_bone":4,"stat.useItem.minecraft.leaves2":15,"stat.craftItem.minecraft.quartz":288,"stat.craftItem.minecraft.stone_pickaxe":5,"stat.pickup.minecraft.cobblestone":175,"stat.pickup.sky_orchards.leaves_nickel":192,"stat.craftItem.minecraft.glass_bottle":15,"stat.pickup.minecraft.soul_sand":4,"stat.pickup.sky_orchards.sapling_lead":1,"stat.pickup.sky_orchards.resin_coal":80,"stat.craftItem.minecraft.wooden_slab":2238,"stat.craftItem.sky_orchards.amber_lapis":2,"stat.pickup.sky_orchards.sapling_petrified":74,"stat.pickup.minecraft.redstone":9,"stat.craftItem.minecraft.dispenser":9,"stat.mineBlock.cyclicmagic.auto_crafter":1,"stat.mineBlock.sky_orchards.leaves_cottonwood":100,"stat.useItem.minecraft.sign":1,"stat.pickup.sky_orchards.resin_nickel":11,"stat.killEntity.ranged_rogue_android":2,"stat.useItem.minecraft.lever":5,"stat.useItem.slabmachines.workbench_slab":2,"stat.pickup.minecraft.wooden_axe":2,"stat.pickup.sky_orchards.leaves_diamond":192,"stat.pickup.tconstruct.soil":48,"stat.drop.sky_orchards.sapling_cottonwood":5,"stat.mineBlock.storagenetwork.storage_kabel":77,"stat.useItem.xlfoodmod.coffee":2,"stat.craftItem.tconstruct.soil":281,"stat.pickup.tconstruct.smeltery_controller":1,"stat.craftItem.thermalfoundation.tool.axe_tin":20,"stat.pickup.xlfoodmod.corn_seeds":2,"stat.mineBlock.sky_orchards.leaves_clay":36,"stat.craftItem.minecraft.stone_slab2":0,"stat.pickup.sky_orchards.sapling_cottonwood":12,"stat.craftItem.sky_orchards.amber_emerald":1,"stat.craftItem.minecraft.stick":124,"stat.useItem.minecraft.stone_slab":2,"stat.useItem.integrateddynamics.menril_leaves":3,"stat.craftItem.minecraft.stone":830,"stat.pickup.integrateddynamics.menril_log":6,"stat.useItem.tconstruct.casting":15,"stat.mineBlock.minecraft.crafting_table":1,"stat.pickup.tcomplement.alloy_tank":6,"stat.pickup.sky_orchards.amber_silver":1,"stat.mineBlock.minecraft.planks":4,"stat.drop":79,"stat.useItem.tconstruct.slime_leaves":8,"stat.mineBlock.rustic.leaves_apple":29,"stat.useItem.tconstruct.seared":31,"stat.craftItem.minecraft.clay":109,"stat.pickup.integrateddynamics.crystalized_menril_chunk":55,"stat.useItem.inspirations.stone_crook":586,"stat.pickup.sky_orchards.acorn_cottonwood":13,"stat.pickup.cyclicmagic.fluid_pump":2,"stat.craftItem.minecraft.piston":85,"stat.useItem.thermalfoundation.wrench":5,"stat.mineBlock.sky_orchards.leaves_bone":72,"stat.craftItem.tconstruct.slime_grass":4,"stat.mineBlock.tconstruct.smeltery_controller":1,"stat.pickup.morecauldrons.cobble_cauldron":7,"stat.useItem.minecraft.apple":43,"stat.pickup.tconstruct.hatchet":1,"stat.killEntity.SkeletonHorse":1,"stat.craftItem.tconstruct.rack":3,"stat.pickup.minecraft.fence":1,"stat.pickup.minecraft.iron_helmet":1,"stat.useItem.tconstruct.tooltables":2,"stat.useItem.tp.birthday_pickaxe":235,"stat.craftItem.bonsaitrees.bonsaipot":1,"stat.useItem.minecraft.stone_axe":232,"stat.pickup.minecraft.spider_eye":4,"stat.drop.inspirations.stone_crook":2,"stat.pickup.inspirations.sugar_cane_seeds":2,"stat.mineBlock.tconstruct.tooltables":5,"stat.mineBlock.minecraft.leaves2":13,"stat.pickup.mysticalagriculture.crafting":9,"stat.craftItem.sky_orchards.amber_copper":21,"stat.craftItem.minecraft.netherbrick":4,"stat.pickup.storagenetwork.storage_kabel":170,"stat.pickup.tconstruct.materials":1,"stat.pickup.thermalfoundation.storage_alloy":1,"stat.useItem.bdsandm.wood_crate":190,"stat.damageDealt":8947,"stat.craftItem.minecraft.glass":60,"stat.craftItem.minecraft.cauldron":8,"stat.craftItem.minecraft.gravel":71,"stat.pickup.sky_orchards.acorn_bone":209,"stat.pickup.minecraft.piston":35,"stat.walkOneCm":2004174,"stat.pickup.ceramics.clay_bucket":4,"stat.useItem.morecauldrons.oak_cauldron":1,"stat.playerKills":3,"stat.pickup.minecraft.stick":45,"stat.pickup.minecraft.clay_ball":472,"stat.craftItem.inspirations.wooden_crook":14,"stat.pickup.sky_orchards.acorn_clay":94,"stat.pickup.rustic.apple_seeds":10,"stat.useItem.storagenetwork.im_kabel":44,"stat.mineBlock.thermaldynamics.duct_0":10,"stat.pickup.cyclicmagic.melter":2,"stat.mineBlock.sky_orchards.log_gravel":130,"stat.craftItem.minecraft.diamond_boots":1,"stat.pickup.storagenetwork.im_kabel":14,"stat.pickup.sky_orchards.acorn_gravel":190,"stat.pickup.minecraft.stone":65,"stat.mineBlock.rustic.chair_oak":1,"stat.craftItem.minecraft.redstone":1251,"stat.pickup.sky_orchards.sapling_gravel":110,"stat.craftItem.integrateddynamics.energy_battery":4,"stat.pickup.minecraft.gold_ingot":54,"stat.killEntity.Skeleton":7,"stat.craftItem.bdsandm.wood_crate":258,"stat.useItem.sky_orchards.amber_gold":1,"stat.craftItem.sky_orchards.sapling_glowstone":1,"stat.killEntity.Spider":11,"stat.useItem.cyclicmagic.auto_crafter":1,"stat.pickup.minecraft.quartz":5,"stat.craftItem.farmingforblockheads.market":2,"stat.mineBlock.minecraft.leaves":87,"stat.craftItem.cyclicmagic.melter":2,"stat.mineBlock.tconstruct.seared":15,"stat.pickup.sky_orchards.leaves_tin":24,"stat.craftItem.sky_orchards.amber_nickel":12,"stat.mineBlock.tconstruct.casting":32,"stat.craftItem.minecraft.brick":32,"stat.useItem.rustic.apple_seeds":1}