{"stat.chestOpened":31,"stat.cakeSlicesEaten":5,"stat.killEntity.ranged_rogue_android":4,"stat.killEntity.Skeleton":35,"stat.walkOneCm":154923,"stat.craftItem.minecraft.planks":192,"stat.pickup.integrateddynamics.menril_log":2,"stat.killEntity.rogue_android":7,"stat.useItem.minecraft.wheat_seeds":1,"stat.useItem.minecraft.log":2,"stat.damageTaken":110,"stat.pickup.minecraft.stone_sword":2,"stat.killEntity.Human":21,"stat.craftItem.minecraft.stone_pickaxe":4,"stat.useItem.minecraft.carrot":5,"stat.killEntity.Enderman":2,"stat.useItem.minecraft.apple":4,"stat.mobKills":132,"stat.mineBlock.minecraft.log":2,"stat.killEntity.Creeper":37,"stat.pickup.mysticalagriculture.crafting":4,"stat.pickup.minecraft.log":178,"stat.craftItem.minecraft.stone_sword":15,"stat.flyOneCm":11824,"stat.pickup.minecraft.wheat_seeds":2,"stat.jump":505,"stat.swimOneCm":2065,"stat.playOneMinute":50698,"stat.fallOneCm":8949,"stat.climbOneCm":1414,"stat.sneakTime":457,"stat.useItem.minecraft.stone_sword":408,"stat.pickup.minecraft.carrot":8,"stat.damageDealt":10820,"stat.crouchOneCm":2019,"stat.pickup.minecraft.blaze_powder":3,"stat.sleepInBed":1,"stat.killEntity.Zombie":27,"stat.timeSinceDeath":50698,"stat.pickup.minecraft.dirt":2,"stat.sprintOneCm":39745,"stat.mineBlock.minecraft.dirt":2,"stat.useItem.minecraft.stone_slab2":6,"stat.craftItem.minecraft.stick":128,"stat.pickup.minecraft.wheat":2}