{"stat.pickup.minecraft.log":5,"stat.flyOneCm":65,"stat.pickup.tconstruct.hatchet":2,"stat.walkOneCm":9677,"stat.pickup.sky_orchards.leaves_iron":1,"stat.drop":1,"stat.jump":2,"stat.playOneMinute":3535,"stat.pickup.sky_orchards.resin_gravel":3,"stat.fallOneCm":659,"stat.pickup.minecraft.stick":1,"stat.pickup.sky_orchards.acorn_gravel":4,"stat.drop.tconstruct.hatchet":1,"stat.damageTaken":100,"stat.damageDealt":10,"stat.pickup.sky_orchards.leaves_gravel":1,"stat.timeSinceDeath":3535,"stat.pickup.sky_orchards.acorn_iron":4,"stat.pickup.sky_orchards.resin_iron":3}