{"stat.mineBlock.sky_orchards.log_coal":108,"stat.drop.sky_orchards.resin_dirt":30,"stat.useItem.sky_orchards.sapling_cottonwood":1,"stat.leaveGame":5,"stat.mineBlock.sky_orchards.leaves_gravel":96,"stat.pickup.minecraft.flint":15,"stat.pickup.sky_orchards.resin_dirt":485,"stat.useItem.thermalfoundation.tool.axe_tin":485,"stat.pickup.pickletweaks.coal_piece":39,"stat.swimOneCm":1764,"stat.useItem.minecraft.planks":13,"stat.mineBlock.sky_orchards.log_dirt":263,"stat.craftItem.inspirations.stone_crook":8,"stat.useItem.sky_orchards.sapling_bone":18,"stat.useItem.minecraft.dirt":1,"stat.useItem.minecraft.stone_slab2":50,"stat.pickup.sky_orchards.resin_cottonwood":1,"stat.pickup.minecraft.leaves2":82,"stat.pickup.minecraft.rotten_flesh":1,"stat.pickup.sky_orchards.sapling_dirt":353,"stat.craftItem.minecraft.stone_axe":18,"stat.useItem.minecraft.leaves2":42,"stat.mineBlock.sky_orchards.leaves_dirt":1010,"stat.pickup.minecraft.cobblestone":7,"stat.flyOneCm":18443,"stat.mineBlock.sky_orchards.leaves_coal":91,"stat.pickup.integrateddynamics.menril_berries":16,"stat.pickup.sky_orchards.resin_coal":222,"stat.pickup.sky_orchards.resin_petrified":398,"stat.pickup.sky_orchards.sapling_petrified":128,"stat.timeSinceDeath":6267,"stat.drop.minecraft.log":28,"stat.mineBlock.sky_orchards.sapling_sand":4,"stat.useItem.sky_orchards.leaves_gravel":16,"stat.drop.tconstruct.tooltables":1,"stat.pickup.minecraft.wooden_axe":1,"stat.pickup.thermalfoundation.material":2,"stat.pickup.integrateddynamics.menril_leaves":18,"stat.furnaceInteraction":2,"stat.useItem.sky_orchards.sapling_clay":61,"stat.craftItem.thermalfoundation.tool.axe_tin":22,"stat.pickup.sky_orchards.acorn_coal":208,"stat.mineBlock.sky_orchards.leaves_clay":420,"stat.drop.sky_orchards.acorn_petrified":5,"stat.pickup.sky_orchards.sapling_cottonwood":3,"stat.drop.sky_orchards.acorn_dirt":25,"stat.useItem.sky_orchards.sapling_petrified":42,"stat.pickup.sky_orchards.acorn_dirt":336,"stat.sprintOneCm":94654,"stat.pickup.sky_orchards.sapling_coal":59,"stat.craftItem.minecraft.stick":24,"stat.craftItem.minecraft.wooden_axe":4,"stat.pickup.sky_orchards.leaves_lapis":9,"stat.useItem.integrateddynamics.menril_leaves":3,"stat.mineBlock.sky_orchards.leaves_petrified":493,"stat.pickup.integrateddynamics.menril_log":9,"stat.useItem.sky_orchards.leaves_coal":31,"stat.pickup.sky_orchards.leaves_gravel":25,"stat.pickup.inspirations.wooden_crook":2,"stat.pickup.sky_orchards.leaves_coal":35,"stat.useItem.minecraft.dye":3,"stat.useItem.sky_orchards.leaves_dirt":29,"stat.deaths":5,"stat.mineBlock.minecraft.planks":13,"stat.drop":26,"stat.pickup.sky_orchards.leaves_dirt":33,"stat.playOneMinute":203799,"stat.killEntity.Zombie":1,"stat.pickup.integrateddynamics.crystalized_menril_chunk":11,"stat.diveOneCm":2600,"stat.useItem.sky_orchards.sapling_sand":30,"stat.chestOpened":213,"stat.useItem.inspirations.stone_crook":1719,"stat.pickup.tconstruct.tooltables":1,"stat.pickup.inspirations.stone_crook":2,"stat.mineBlock.sky_orchards.leaves_bone":158,"stat.pickup.minecraft.stone_axe":2,"stat.pickup.sky_orchards.acorn_petrified":137,"stat.drop.minecraft.flint":4,"stat.mineBlock.sky_orchards.leaves_iron":33,"stat.useItem.inspirations.wooden_crook":724,"stat.pickup.sky_orchards.resin_sand":384,"stat.pickup.sky_orchards.resin_clay":435,"stat.drop.minecraft.apple":1,"stat.useItem.sky_orchards.leaves_iron":32,"stat.pickup.rustic.leaves_apple":12,"stat.pickup.sky_orchards.leaves_iron":62,"stat.jump":1033,"stat.useItem.sky_orchards.sapling_gravel":4,"stat.fallOneCm":413424,"stat.useItem.minecraft.stone_axe":732,"stat.crouchOneCm":33200,"stat.craftItem.minecraft.chest":8,"stat.mineBlock.sky_orchards.log_sand":202,"stat.craftItem.minecraft.torch":16,"stat.pickup.minecraft.dirt":43,"stat.mineBlock.sky_orchards.sapling_bone":4,"stat.pickup.sky_orchards.resin_lapis":9,"stat.craftingTableInteraction":4,"stat.mineBlock.sky_orchards.leaves_sand":250,"stat.pickup.sky_orchards.resin_bone":109,"stat.pickup.sky_orchards.sapling_sand":103,"stat.drop.minecraft.leaves2":4,"stat.pickup.minecraft.leaves":11,"stat.mineBlock.minecraft.leaves2":43,"stat.damageTaken":1684,"stat.drop.sky_orchards.sapling_gravel":3,"stat.pickup.minecraft.log2":41,"stat.pickup.minecraft.dye":26,"stat.pickup.minecraft.planks":108,"stat.pickup.sky_orchards.resin_iron":137,"stat.pickup.sky_orchards.sapling_clay":187,"stat.pickup.statues.blockplayerstatue":1,"stat.damageDealt":381,"stat.mineBlock.sky_orchards.log_bone":67,"stat.mineBlock.minecraft.dirt":44,"stat.pickup.sky_orchards.acorn_iron":187,"stat.pickup.sky_orchards.acorn_bone":60,"stat.drop.minecraft.stick":6,"stat.mineBlock.sky_orchards.leaves_lapis":2,"stat.walkOneCm":812924,"stat.useItem.minecraft.torch":3,"stat.useItem.minecraft.chest":7,"stat.playerKills":1,"stat.pickup.sky_orchards.sapling_iron":14,"stat.mineBlock.sky_orchards.sapling_dirt":4,"stat.pickup.sky_orchards.leaves_clay":16,"stat.useItem.sky_orchards.leaves_lapis":2,"stat.pickup.minecraft.stick":341,"stat.pickup.sky_orchards.sapling_bone":53,"stat.useItem.minecraft.log":3,"stat.craftItem.inspirations.wooden_crook":16,"stat.pickup.sky_orchards.acorn_clay":243,"stat.pickup.sky_orchards.leaves_sand":41,"stat.useItem.sky_orchards.leaves_clay":4,"stat.mineBlock.sky_orchards.sapling_clay":6,"stat.pickup.minecraft.log":1901,"stat.mineBlock.sky_orchards.log_gravel":29,"stat.drop.sky_orchards.acorn_gravel":3,"stat.pickup.sky_orchards.resin_gravel":109,"stat.pickup.sky_orchards.acorn_gravel":128,"stat.drop.minecraft.planks":30,"stat.pickup.sky_orchards.acorn_sand":241,"stat.drop.minecraft.sapling":1,"stat.pickup.minecraft.sapling":11,"stat.useItem.minecraft.leaves":5,"stat.pickup.sky_orchards.sapling_gravel":26,"stat.pickup.minecraft.apple":26,"stat.mineBlock.integrateddynamics.menril_leaves":4,"stat.drop.sky_orchards.sapling_dirt":79,"stat.pickup.thermalfoundation.tool.axe_tin":2,"stat.craftItem.minecraft.planks":288,"stat.mobKills":1,"stat.mineBlock.minecraft.log":8,"stat.mineBlock.sky_orchards.log_clay":281,"stat.pickup.sky_orchards.acorn_lapis":22,"stat.mineBlock.minecraft.leaves":11,"stat.drop.sky_orchards.acorn_clay":5,"stat.useItem.sky_orchards.sapling_coal":18,"stat.sneakTime":9432,"stat.useItem.minecraft.wooden_axe":93,"stat.useItem.sky_orchards.leaves_sand":34,"stat.craftItem.minecraft.cobblestone":26,"stat.useItem.sky_orchards.sapling_dirt":56,"stat.mineBlock.sky_orchards.log_petrified":276}