{"stat.chestOpened":7,"stat.cakeSlicesEaten":5,"stat.killEntity.ranged_rogue_android":2,"stat.flyOneCm":3963,"stat.killEntity.Skeleton":6,"stat.walkOneCm":63283,"stat.jump":106,"stat.swimOneCm":1027,"stat.playOneMinute":14698,"stat.fallOneCm":3550,"stat.sneakTime":211,"stat.useItem.minecraft.stone_sword":114,"stat.damageTaken":30,"stat.damageDealt":3343,"stat.crouchOneCm":974,"stat.pickup.minecraft.stone_sword":1,"stat.sleepInBed":1,"stat.killEntity.Human":2,"stat.killEntity.Zombie":3,"stat.timeSinceDeath":14698,"stat.sprintOneCm":16880,"stat.mobKills":15,"stat.killEntity.Creeper":2}