{"stat.cakeSlicesEaten":49,"stat.pickup.minecraft.bone":9,"stat.leaveGame":3,"stat.mineBlock.minecraft.pumpkin":19,"stat.mineBlock.minecraft.cobblestone":28,"stat.pickup.minecraft.stone_pickaxe":1,"stat.killEntity.Human":46,"stat.craftItem.minecraft.bone":168,"stat.useItem.minecraft.diamond_sword":76,"stat.useItem.minecraft.glowstone":1,"stat.craftItem.sky_orchards.amber_bone":59,"stat.swimOneCm":13732,"stat.climbOneCm":58933,"stat.useItem.minecraft.planks":6,"stat.pickup.minecraft.glowstone":39,"stat.pickup.minecraft.cooked_porkchop":18,"stat.pickup.minecraft.glowstone_dust":3,"stat.pickup.minecraft.porkchop":25,"stat.pickup.minecraft.blaze_powder":25,"stat.useItem.minecraft.dirt":20,"stat.pickup.rustic.chair_oak":2,"stat.useItem.minecraft.stone_slab2":56,"stat.useItem.minecraft.water_bucket":7,"stat.pickup.minecraft.rotten_flesh":11,"stat.pickup.minecraft.sand":1,"stat.pickup.minecraft.stone_hoe":1,"stat.useItem.inspirations.carrot_seeds":1,"stat.pickup.darkutils.trap_move":3,"stat.entityKilledBy.Spider":1,"stat.useItem.xlfoodmod.corn_seeds":4,"stat.pickup.minecraft.bucket":2,"stat.craftItem.minecraft.stone_pickaxe":4,"stat.craftItem.minecraft.cooked_beef":17,"stat.killEntity.Enderman":4,"stat.pickup.minecraft.cobblestone":106,"stat.craftItem.minecraft.stone_sword":19,"stat.flyOneCm":100019,"stat.mineBlock.minecraft.sand":1,"stat.timeSinceDeath":116352,"stat.hopperInspected":2,"stat.killEntity.ranged_rogue_android":18,"stat.useItem.minecraft.potato":6,"stat.furnaceInteraction":105,"stat.useItem.minecraft.cooked_porkchop":2,"stat.useItem.minecraft.pumpkin_seeds":9,"stat.useItem.statues.blockplayerstatue":5,"stat.craftItem.minecraft.pumpkin_seeds":16,"stat.killEntity.ZombieVillager":1,"stat.killEntity.Creeper":73,"stat.useItem.xlfoodmod.coffee":1,"stat.pickup.minecraft.string":3,"stat.pickup.sky_orchards.amber_iron":1,"stat.pickup.minecraft.beef":29,"stat.pickup.xlfoodmod.corn_seeds":22,"stat.entityKilledBy.Skeleton":1,"stat.craftItem.minecraft.stone_slab2":0,"stat.pickup.inspirations.potato_seeds":4,"stat.sprintOneCm":283229,"stat.mineBlock.minecraft.stone_slab":2,"stat.pickup.minecraft.skull":2,"stat.craftItem.minecraft.stick":128,"stat.pickup.deepmoblearning.soot_covered_redstone":8,"stat.pickup.integrateddynamics.menril_log":2,"stat.useItem.minecraft.wheat_seeds":19,"stat.pickup.minecraft.pumpkin_seeds":1,"stat.useItem.minecraft.carrot":25,"stat.useItem.minecraft.dye":426,"stat.pickup.xlfoodmod.coffee_cup":1,"stat.deaths":20,"stat.mineBlock.minecraft.planks":1,"stat.drop":5,"stat.playOneMinute":321083,"stat.useItem.rustic.fertile_soil":61,"stat.pickup.xlfoodmod.raw_corn":18,"stat.pickup.minecraft.iron_block":1,"stat.killEntity.Zombie":42,"stat.craftItem.minecraft.dye":561,"stat.diveOneCm":1619,"stat.pickup.minecraft.wheat":209,"stat.chestOpened":215,"stat.pickup.minecraft.pumpkin":17,"stat.craftItem.minecraft.cooked_porkchop":37,"stat.pickup.morecauldrons.cobble_cauldron":1,"stat.useItem.minecraft.apple":12,"stat.mineBlock.sky_orchards.leaves_iron":9,"stat.craftItem.minecraft.coal":4,"stat.useItem.sky_orchards.leaves_iron":10,"stat.useItem.xlfoodmod.raw_corn":1,"stat.pickup.minecraft.diamond_sword":2,"stat.jump":7169,"stat.fallOneCm":519726,"stat.pickup.minecraft.iron_ingot":7,"stat.pickup.minecraft.carrot":83,"stat.drop.minecraft.diamond_sword":2,"stat.pickup.minecraft.gunpowder":52,"stat.crouchOneCm":41091,"stat.craftItem.minecraft.iron_ingot":63,"stat.craftItem.minecraft.chest":9,"stat.pickup.minecraft.dirt":39,"stat.craftItem.minecraft.hopper":12,"stat.damageTaken":7731,"stat.pickup.minecraft.leather":14,"stat.mineBlock.minecraft.torch":8,"stat.pickup.mysticalagriculture.crafting":9,"stat.pickup.minecraft.dye":64,"stat.pickup.rustic.fertile_soil":4,"stat.pickup.minecraft.wheat_seeds":289,"stat.craftItem.sky_orchards.acorn_iron":168,"stat.pickup.minecraft.potato":80,"stat.useItem.minecraft.stone_pickaxe":43,"stat.useItem.minecraft.stone_sword":950,"stat.pickup.statues.blockplayerstatue":11,"stat.damageDealt":27553,"stat.pickup.thermaldynamics.duct_16":1,"stat.sleepInBed":2,"stat.craftItem.minecraft.baked_potato":47,"stat.killEntity.Cow":14,"stat.mineBlock.minecraft.dirt":39,"stat.pickup.sky_orchards.acorn_iron":102,"stat.killEntity.Pig":12,"stat.craftItem.minecraft.iron_sword":2,"stat.drop.minecraft.stick":3,"stat.walkOneCm":1210281,"stat.useItem.minecraft.torch":5,"stat.animalsBred":26,"stat.pickup.inspirations.carrot_seeds":15,"stat.pickup.minecraft.stick":64,"stat.useItem.minecraft.log":52,"stat.useItem.minecraft.cobblestone":471,"stat.pickup.minecraft.log":307,"stat.useItem.sky_orchards.acorn_iron":11,"stat.mineBlock.rustic.fertile_soil":5,"stat.pickup.cyclicmagic.auto_crafter":1,"stat.pickup.matteroverdrive.rogue_android_part":1,"stat.pickup.minecraft.hopper":1,"stat.mineBlock.rustic.chair_oak":2,"stat.killEntity.Skeleton":54,"stat.craftItem.minecraft.planks":352,"stat.useItem.minecraft.iron_sword":220,"stat.killEntity.rogue_android":17,"stat.killEntity.Spider":3,"stat.craftItem.minecraft.dirt":8,"stat.pickup.minecraft.stone_sword":2,"stat.craftItem.rustic.fertile_soil":153,"stat.mobKills":280,"stat.mineBlock.minecraft.log":5,"stat.useItem.minecraft.stone_hoe":39,"stat.pickup.minecraft.torch":9,"stat.sneakTime":10381,"stat.useItem.minecraft.baked_potato":3,"stat.pickup.minecraft.stone_slab":1}