{"stat.cakeSlicesEaten":35,"stat.pickup.minecraft.bone":9,"stat.leaveGame":1,"stat.mineBlock.minecraft.pumpkin":4,"stat.mineBlock.minecraft.cobblestone":28,"stat.killEntity.Human":43,"stat.swimOneCm":5516,"stat.climbOneCm":36768,"stat.useItem.minecraft.planks":3,"stat.pickup.minecraft.cooked_porkchop":18,"stat.pickup.minecraft.blaze_powder":15,"stat.useItem.minecraft.stone_slab2":33,"stat.pickup.minecraft.rotten_flesh":11,"stat.useItem.inspirations.carrot_seeds":1,"stat.pickup.darkutils.trap_move":3,"stat.entityKilledBy.Spider":1,"stat.useItem.xlfoodmod.corn_seeds":1,"stat.craftItem.minecraft.stone_pickaxe":4,"stat.killEntity.Enderman":4,"stat.pickup.minecraft.cobblestone":106,"stat.craftItem.minecraft.stone_sword":19,"stat.flyOneCm":82593,"stat.timeSinceDeath":9585,"stat.hopperInspected":1,"stat.killEntity.ranged_rogue_android":18,"stat.furnaceInteraction":82,"stat.useItem.statues.blockplayerstatue":5,"stat.killEntity.ZombieVillager":1,"stat.killEntity.Creeper":72,"stat.useItem.xlfoodmod.coffee":1,"stat.pickup.minecraft.string":3,"stat.pickup.sky_orchards.amber_iron":1,"stat.pickup.xlfoodmod.corn_seeds":5,"stat.entityKilledBy.Skeleton":1,"stat.craftItem.minecraft.stone_slab2":0,"stat.sprintOneCm":227518,"stat.mineBlock.minecraft.stone_slab":2,"stat.pickup.minecraft.skull":1,"stat.craftItem.minecraft.stick":128,"stat.pickup.integrateddynamics.menril_log":2,"stat.useItem.minecraft.wheat_seeds":11,"stat.useItem.minecraft.carrot":19,"stat.deaths":20,"stat.mineBlock.minecraft.planks":1,"stat.playOneMinute":214316,"stat.pickup.xlfoodmod.raw_corn":2,"stat.pickup.minecraft.iron_block":1,"stat.killEntity.Zombie":41,"stat.diveOneCm":1619,"stat.pickup.minecraft.wheat":15,"stat.chestOpened":135,"stat.pickup.minecraft.pumpkin":4,"stat.craftItem.minecraft.cooked_porkchop":23,"stat.pickup.morecauldrons.cobble_cauldron":1,"stat.useItem.minecraft.apple":12,"stat.mineBlock.sky_orchards.leaves_iron":9,"stat.useItem.sky_orchards.leaves_iron":10,"stat.useItem.xlfoodmod.raw_corn":1,"stat.jump":2199,"stat.fallOneCm":458082,"stat.pickup.minecraft.iron_ingot":7,"stat.pickup.minecraft.carrot":59,"stat.pickup.minecraft.gunpowder":52,"stat.crouchOneCm":25565,"stat.craftItem.minecraft.iron_ingot":63,"stat.craftItem.minecraft.chest":9,"stat.pickup.minecraft.dirt":3,"stat.craftItem.minecraft.hopper":12,"stat.damageTaken":7441,"stat.mineBlock.minecraft.torch":4,"stat.pickup.mysticalagriculture.crafting":9,"stat.pickup.minecraft.wheat_seeds":43,"stat.craftItem.sky_orchards.acorn_iron":168,"stat.useItem.minecraft.stone_pickaxe":43,"stat.useItem.minecraft.stone_sword":950,"stat.pickup.statues.blockplayerstatue":2,"stat.damageDealt":24352,"stat.pickup.thermaldynamics.duct_16":1,"stat.sleepInBed":2,"stat.mineBlock.minecraft.dirt":2,"stat.pickup.sky_orchards.acorn_iron":102,"stat.craftItem.minecraft.iron_sword":2,"stat.walkOneCm":821416,"stat.useItem.minecraft.torch":2,"stat.animalsBred":13,"stat.pickup.inspirations.carrot_seeds":5,"stat.useItem.minecraft.log":4,"stat.useItem.minecraft.cobblestone":471,"stat.pickup.minecraft.log":305,"stat.useItem.sky_orchards.acorn_iron":11,"stat.pickup.cyclicmagic.auto_crafter":1,"stat.pickup.matteroverdrive.rogue_android_part":1,"stat.pickup.minecraft.hopper":1,"stat.killEntity.Skeleton":52,"stat.craftItem.minecraft.planks":344,"stat.useItem.minecraft.iron_sword":217,"stat.killEntity.rogue_android":17,"stat.killEntity.Spider":3,"stat.pickup.minecraft.stone_sword":2,"stat.mobKills":248,"stat.mineBlock.minecraft.log":3,"stat.pickup.minecraft.torch":5,"stat.sneakTime":6352,"stat.pickup.minecraft.stone_slab":1}