{"stat.craftItem.minecraft.diamond_chestplate":1,"stat.pickup.minecraft.bone":2,"stat.pickup.minecraft.wooden_slab":7,"stat.craftItem.minecraft.diamond_leggings":1,"stat.leaveGame":6,"stat.mineBlock.minecraft.cobblestone":42,"stat.mineBlock.sky_orchards.leaves_gravel":5,"stat.useItem.tconstruct.mattock":54,"stat.drop.tconstruct.slime_sapling":1,"stat.pickup.minecraft.flint":4,"stat.mineBlock.minecraft.yellow_flower":12,"stat.killEntity.Human":7,"stat.craftItem.tconstruct.faucet":6,"stat.drop.sky_orchards.resin_coal":2,"stat.pickup.sky_orchards.resin_dirt":85,"stat.craftItem.minecraft.wool":3,"stat.pickup.pickletweaks.coal_piece":11,"stat.craftItem.sky_orchards.amber_iron":269,"stat.swimOneCm":13862,"stat.pickup.tconstruct.faucet":1,"stat.useItem.minecraft.planks":2,"stat.climbOneCm":8536,"stat.craftItem.sky_orchards.sapling_petrified":1,"stat.drop.minecraft.cobblestone":4,"stat.mineBlock.morecauldrons.oak_cauldron":1,"stat.mineBlock.sky_orchards.log_dirt":5,"stat.craftItem.inspirations.stone_crook":3,"stat.craftItem.horsepower.hand_grindstone":2,"stat.useItem.minecraft.dirt":33,"stat.pickup.rustic.chair_oak":2,"stat.useItem.minecraft.stone_slab2":162,"stat.entityKilledBy.ranged_rogue_android":2,"stat.pickup.minecraft.leaves2":29,"stat.useItem.minecraft.water_bucket":12,"stat.pickup.minecraft.rotten_flesh":2,"stat.useItem.tconstruct.cleaver":1,"stat.craftItem.sky_orchards.amber_clay":55,"stat.pickup.minecraft.sand":12,"stat.craftItem.minecraft.furnace":4,"stat.craftItem.inspirations.carrot_seeds":1,"stat.craftItem.sky_orchards.sapling_gravel":2,"stat.pickup.sky_orchards.sapling_dirt":72,"stat.craftItem.minecraft.bone_block":41,"stat.craftItem.minecraft.stone_axe":2,"stat.pickup.tp.cobblegen_block":1,"stat.mineBlock.sky_orchards.leaves_dirt":11,"stat.pickup.minecraft.cobblestone":99,"stat.mineBlock.minecraft.wooden_slab":7,"stat.craftItem.tconstruct.casting":6,"stat.craftItem.sky_orchards.amber_gold":45,"stat.mineBlock.minecraft.clay":3,"stat.flyOneCm":118441,"stat.pickup.integrateddynamics.menril_sapling":3,"stat.mineBlock.minecraft.sand":12,"stat.mineBlock.sky_orchards.leaves_coal":1,"stat.pickup.integrateddynamics.menril_berries":4,"stat.useItem.rustic.chair_oak":1,"stat.pickup.sky_orchards.resin_coal":13,"stat.craftItem.minecraft.wooden_slab":216,"stat.pickup.sky_orchards.resin_petrified":40,"stat.pickup.sky_orchards.sapling_petrified":52,"stat.pickup.minecraft.redstone":2,"stat.timeSinceDeath":19182,"stat.hopperInspected":3,"stat.drop.minecraft.log":6,"stat.pickup.tconstruct.slime_sapling":1,"stat.useItem.minecraft.wooden_slab":194,"stat.killEntity.ranged_rogue_android":3,"stat.craftItem.minecraft.bed":2,"stat.pickup.minecraft.wooden_axe":1,"stat.craftItem.tconstruct.seared":121,"stat.pickup.integrateddynamics.menril_leaves":1,"stat.craftItem.tp.iron_cobblegen_block":1,"stat.drop.ceramics.clay_bucket":1,"stat.pickup.tconstruct.soil":8,"stat.furnaceInteraction":169,"stat.useItem.tconstruct.rack":3,"stat.useItem.sky_orchards.sapling_clay":7,"stat.killEntity.ZombieVillager":2,"stat.pickup.xlfoodmod.lettuce_seeds":1,"stat.killEntity.Creeper":1,"stat.useItem.xlfoodmod.coffee":1,"stat.useItem.tp.toasted_bread":1,"stat.craftItem.tconstruct.soil":448,"stat.craftItem.thermalfoundation.material":16,"stat.pickup.minecraft.string":8,"stat.craftItem.sky_orchards.acorn_dirt":6,"stat.pickup.tconstruct.smeltery_controller":1,"stat.craftItem.tp.birthday_pickaxe":6,"stat.pickup.sky_orchards.acorn_coal":28,"stat.mineBlock.rustic.sapling_apple":2,"stat.pickup.xlfoodmod.corn_seeds":53,"stat.useItem.minecraft.redstone":2,"stat.mineBlock.sky_orchards.leaves_clay":10,"stat.drop.sky_orchards.acorn_petrified":1,"stat.craftItem.minecraft.stone_slab2":4,"stat.drop.minecraft.obsidian":1,"stat.craftItem.tconstruct.stone_stick":8,"stat.useItem.sky_orchards.sapling_petrified":14,"stat.craftItem.tconstruct.tooltables":26,"stat.pickup.sky_orchards.acorn_dirt":68,"stat.sprintOneCm":128307,"stat.craftItem.tp.reinforced_obsidian_ingot":18,"stat.pickup.sky_orchards.sapling_coal":8,"stat.mineBlock.minecraft.stone_slab":11,"stat.useItem.minecraft.fence":36,"stat.craftItem.minecraft.stick":96,"stat.craftItem.minecraft.wooden_axe":1,"stat.useItem.minecraft.stone_slab":20,"stat.useItem.carryon.tile_item":3,"stat.mineBlock.sky_orchards.leaves_petrified":194,"stat.craftItem.minecraft.stone":56,"stat.pickup.integrateddynamics.menril_log":2,"stat.craftItem.minecraft.sand":141,"stat.useItem.tconstruct.casting":1,"stat.pickup.sky_orchards.leaves_gravel":1,"stat.pickup.minecraft.pumpkin_seeds":1,"stat.pickup.sky_orchards.leaves_coal":9,"stat.pickup.inspirations.wooden_crook":1,"stat.useItem.minecraft.hopper":3,"stat.craftItem.minecraft.clay_ball":272,"stat.useItem.minecraft.dye":321,"stat.craftItem.minecraft.wooden_pressure_plate":1,"stat.pickup.minecraft.lever":2,"stat.mineBlock.minecraft.planks":1,"stat.deaths":3,"stat.drop":37,"stat.pickup.sky_orchards.leaves_dirt":5,"stat.playOneMinute":316292,"stat.useItem.rustic.fertile_soil":3,"stat.pickup.tconstruct.rack":6,"stat.craftItem.sky_orchards.sapling_clay":2,"stat.useItem.tconstruct.seared":39,"stat.useItem.minecraft.ladder":11,"stat.pickup.xlfoodmod.raw_corn":91,"stat.drop.tp.birthday_pickaxe":1,"stat.useItem.sky_orchards.acorn_dirt":10,"stat.pickup.sky_orchards.sapling_lapis":6,"stat.drop.inspirations.sugar_cane_seeds":3,"stat.mineBlock.bonsaitrees.bonsaipot":34,"stat.pickup.minecraft.iron_block":1,"stat.killEntity.Zombie":3,"stat.craftItem.minecraft.dye":381,"stat.useItem.animalcrops.seeds":1,"stat.craftItem.minecraft.clay":115,"stat.pickup.integrateddynamics.crystalized_menril_chunk":1,"stat.mineBlock.minecraft.tallgrass":111,"stat.craftItem.darkutils.trap_move":152,"stat.pickup.minecraft.wheat":12,"stat.pickup.tconstruct.seared":23,"stat.chestOpened":444,"stat.pickup.tconstruct.tooltables":5,"stat.craftItem.minecraft.ladder":27,"stat.pickup.tconstruct.casting":5,"stat.drop.minecraft.hopper":2,"stat.craftItem.tp.cobblegen_block":2,"stat.pickup.sky_orchards.resin_redstone":1,"stat.pickup.minecraft.wooden_pressure_plate":9,"stat.mineBlock.tconstruct.smeltery_controller":1,"stat.pickup.sky_orchards.acorn_petrified":70,"stat.useItem.bonsaitrees.bonsaipot":53,"stat.useItem.minecraft.apple":19,"stat.mineBlock.minecraft.deadbush":1,"stat.pickup.minecraft.obsidian":2,"stat.useItem.inspirations.wooden_crook":199,"stat.useItem.minecraft.clay":2,"stat.pickup.sky_orchards.resin_sand":11,"stat.craftItem.minecraft.coal":85,"stat.mineBlock.tconstruct.faucet":1,"stat.pickup.sky_orchards.resin_clay":35,"stat.pickup.rustic.leaves_apple":5,"stat.useItem.xlfoodmod.raw_corn":7,"stat.pickup.sky_orchards.leaves_iron":13,"stat.craftItem.minecraft.iron_hoe":1,"stat.jump":1319,"stat.useItem.sky_orchards.sapling_gravel":1,"stat.useItem.minecraft.sand":16,"stat.craftItem.tconstruct.rack":10,"stat.fallOneCm":158096,"stat.pickup.minecraft.iron_ingot":1,"stat.useItem.tconstruct.tooltables":5,"stat.pickup.sky_orchards.sapling_redstone":1,"stat.useItem.tp.birthday_pickaxe":48,"stat.drop.minecraft.dye":67,"stat.craftItem.bonsaitrees.bonsaipot":105,"stat.craftItem.minecraft.lever":2,"stat.pickup.minecraft.melon_seeds":1,"stat.pickup.minecraft.gunpowder":1,"stat.crouchOneCm":27259,"stat.craftItem.tconstruct.toolforge":2,"stat.mineBlock.minecraft.chest":9,"stat.craftItem.minecraft.diamond":10,"stat.pickup.minecraft.spider_eye":1,"stat.craftItem.minecraft.chest":202,"stat.craftItem.minecraft.torch":52,"stat.craftItem.minecraft.iron_ingot":360,"stat.pickup.minecraft.dirt":50,"stat.mineBlock.minecraft.lever":2,"stat.pickup.bonsaitrees.bonsaipot":38,"stat.useItem.minecraft.iron_hoe":11,"stat.craftItem.minecraft.hopper":54,"stat.pickup.sky_orchards.resin_lapis":6,"stat.craftingTableInteraction":99,"stat.pickup.sky_orchards.sapling_sand":12,"stat.mineBlock.tconstruct.rack":8,"stat.drop.minecraft.leaves2":17,"stat.pickup.inspirations.sugar_cane_seeds":6,"stat.mineBlock.tconstruct.tooltables":5,"stat.pickup.minecraft.leaves":3,"stat.craftItem.tconstruct.pattern":71,"stat.mineBlock.minecraft.leaves2":5,"stat.pickup.sky_orchards.acorn_redstone":2,"stat.damageTaken":1620,"stat.pickup.sky_orchards.leaves_redstone":1,"stat.mineBlock.minecraft.torch":17,"stat.mineBlock.minecraft.red_flower":6,"stat.craftItem.tconstruct.materials":50,"stat.drop.sky_orchards.sapling_gravel":1,"stat.pickup.minecraft.log2":12,"stat.pickup.minecraft.dye":33,"stat.pickup.mysticalagriculture.crafting":1,"stat.pickup.minecraft.planks":42,"stat.craftItem.sky_orchards.amber_lead":64,"stat.pickup.sky_orchards.resin_iron":39,"stat.pickup.minecraft.reeds":2,"stat.pickup.rustic.fertile_soil":29,"stat.pickup.minecraft.wheat_seeds":9,"stat.mineBlock.sky_orchards.sapling_petrified":1,"stat.pickup.sky_orchards.sapling_clay":31,"stat.damageDealt":6666,"stat.craftItem.minecraft.glass":31,"stat.craftItem.minecraft.cauldron":2,"stat.mineBlock.minecraft.dirt":5,"stat.pickup.sky_orchards.acorn_iron":48,"stat.craftItem.minecraft.gravel":112,"stat.craftItem.sky_orchards.amber_tin":2,"stat.drop.advancementbook.advancement_book":1,"stat.pickup.sky_orchards.acorn_bone":2,"stat.craftItem.integrateddynamics.squeezer":2,"stat.craftItem.minecraft.stone_slab":18,"stat.walkOneCm":915559,"stat.craftItem.sky_orchards.amber_petrified":144,"stat.useItem.minecraft.torch":37,"stat.useItem.minecraft.chest":61,"stat.pickup.sky_orchards.sapling_iron":15,"stat.craftItem.tconstruct.smeltery_io":2,"stat.mineBlock.sky_orchards.sapling_dirt":3,"stat.pickup.sky_orchards.leaves_clay":7,"stat.pickup.minecraft.stick":80,"stat.pickup.sky_orchards.sapling_bone":4,"stat.pickup.advancementbook.advancement_book":1,"stat.useItem.minecraft.log":5,"stat.pickup.minecraft.clay_ball":12,"stat.useItem.minecraft.cobblestone":66,"stat.craftItem.inspirations.wooden_crook":2,"stat.craftItem.minecraft.crafting_table":18,"stat.pickup.sky_orchards.acorn_clay":122,"stat.pickup.sky_orchards.leaves_sand":3,"stat.mineBlock.sky_orchards.sapling_coal":2,"stat.drop.tconstruct.soil":48,"stat.mineBlock.sky_orchards.sapling_clay":1,"stat.craftItem.sky_orchards.amber_silver":45,"stat.pickup.minecraft.log":200,"stat.useItem.tconstruct.faucet":2,"stat.mineBlock.rustic.fertile_soil":3,"stat.useItem.sky_orchards.acorn_iron":3,"stat.drop.sky_orchards.acorn_gravel":3,"stat.craftItem.minecraft.diamond_boots":2,"stat.drop.inspirations.wooden_crook":2,"stat.pickup.sky_orchards.resin_gravel":8,"stat.craftItem.rustic.crushing_tub":2,"stat.pickup.sky_orchards.acorn_gravel":74,"stat.mineBlock.slabmachines.workbench_slab":5,"stat.useItem.tconstruct.pickaxe":32,"stat.pickup.matteroverdrive.rogue_android_part":1,"stat.useItem.slabmachines.furnace_slab":2,"stat.pickup.sky_orchards.acorn_sand":30,"stat.drop.minecraft.sapling":4,"stat.pickup.minecraft.hopper":3,"stat.mineBlock.rustic.chair_oak":2,"stat.pickup.minecraft.sapling":16,"stat.useItem.minecraft.leaves":2,"stat.pickup.sky_orchards.sapling_gravel":15,"stat.pickup.minecraft.apple":32,"stat.mineBlock.minecraft.iron_block":1,"stat.pickup.slabmachines.workbench_slab":5,"stat.killEntity.Skeleton":5,"stat.drop.sky_orchards.sapling_dirt":1,"stat.craftItem.minecraft.bucket":1,"stat.craftItem.minecraft.planks":500,"stat.killEntity.rogue_android":2,"stat.pickup.minecraft.diamond_helmet":1,"stat.craftItem.minecraft.dirt":37,"stat.killEntity.Spider":3,"stat.pickup.morecauldrons.oak_cauldron":1,"stat.drop.sky_orchards.resin_clay":1,"stat.craftItem.rustic.fertile_soil":49,"stat.useItem.minecraft.wooden_pressure_plate":8,"stat.mobKills":26,"stat.craftItem.minecraft.fence":96,"stat.mineBlock.sky_orchards.log_clay":10,"stat.pickup.rustic.sapling_apple":6,"stat.pickup.sky_orchards.acorn_lapis":5,"stat.craftItem.minecraft.sugar":10,"stat.mineBlock.minecraft.leaves":3,"stat.pickup.minecraft.beetroot_seeds":3,"stat.craftItem.slabmachines.furnace_slab":8,"stat.useItem.integrateddynamics.menril_berries":1,"stat.pickup.minecraft.torch":17,"stat.drop.tconstruct.hatchet":2,"stat.mineBlock.tconstruct.seared":3,"stat.pickup.minecraft.red_flower":5,"stat.sneakTime":10123,"stat.mineBlock.tconstruct.casting":5,"stat.pickup.minecraft.lava_bucket":2,"stat.drop.minecraft.stone_axe":1,"stat.mineBlock.tp.cobblegen_block":1,"stat.useItem.minecraft.wooden_axe":15,"stat.pickup.minecraft.stone_slab":5,"stat.craftItem.minecraft.brick":251,"stat.pickup.minecraft.yellow_flower":12,"stat.useItem.inspirations.sugar_cane_seeds":2,"stat.craftItem.minecraft.cobblestone":33,"stat.useItem.sky_orchards.sapling_dirt":2,"stat.drop.minecraft.wooden_axe":1,"stat.useItem.tconstruct.hatchet":24,"stat.pickup.minecraft.chest":15,"stat.useItem.rustic.apple_seeds":2,"stat.useItem.darkutils.trap_move":94}