{"stat.craftItem.ceramics.unfired_clay":2,"stat.leaveGame":2,"stat.drop.tconstruct.slime_sapling":1,"stat.pickup.sky_orchards.resin_dirt":18,"stat.pickup.pickletweaks.coal_piece":1,"stat.craftItem.sky_orchards.amber_iron":16,"stat.swimOneCm":2139,"stat.climbOneCm":1871,"stat.useItem.minecraft.stone_slab2":2,"stat.entityKilledBy.ranged_rogue_android":2,"stat.pickup.minecraft.leaves2":49,"stat.pickup.minecraft.rotten_flesh":5,"stat.pickup.minecraft.bucket":1,"stat.pickup.minecraft.cobblestone":3,"stat.craftItem.sky_orchards.amber_gold":2,"stat.craftItem.pickletweaks.coal_piece":16,"stat.flyOneCm":6269,"stat.pickup.integrateddynamics.menril_berries":22,"stat.pickup.sky_orchards.resin_coal":17,"stat.craftItem.minecraft.wooden_slab":12,"stat.timeSinceDeath":139629,"stat.pickup.tconstruct.slime_sapling":1,"stat.useItem.minecraft.iron_pickaxe":1,"stat.pickup.integrateddynamics.menril_leaves":42,"stat.furnaceInteraction":11,"stat.pickup.sky_orchards.acorn_lead":1,"stat.pickup.minecraft.string":2,"stat.craftItem.sky_orchards.acorn_dirt":1,"stat.pickup.sky_orchards.acorn_coal":28,"stat.drop.minecraft.obsidian":1,"stat.pickup.sky_orchards.acorn_dirt":30,"stat.sprintOneCm":41880,"stat.pickup.sky_orchards.sapling_coal":2,"stat.pickup.sky_orchards.leaves_lapis":7,"stat.pickup.integrateddynamics.menril_log":18,"stat.pickup.sky_orchards.leaves_gravel":7,"stat.pickup.sky_orchards.leaves_coal":9,"stat.craftItem.minecraft.clay_ball":8,"stat.deaths":2,"stat.drop":11,"stat.pickup.sky_orchards.leaves_dirt":7,"stat.playOneMinute":180028,"stat.craftItem.minecraft.iron_pickaxe":2,"stat.pickup.sky_orchards.sapling_lapis":2,"stat.killEntity.Zombie":1,"stat.craftItem.minecraft.clay":4,"stat.pickup.integrateddynamics.crystalized_menril_chunk":21,"stat.chestOpened":345,"stat.drop.minecraft.hopper":2,"stat.pickup.minecraft.obsidian":2,"stat.pickup.sky_orchards.resin_sand":25,"stat.craftItem.minecraft.coal":2,"stat.pickup.sky_orchards.resin_clay":23,"stat.pickup.rustic.leaves_apple":67,"stat.pickup.tconstruct.hatchet":3,"stat.pickup.sky_orchards.leaves_iron":9,"stat.jump":557,"stat.pickup.tp.birthday_pickaxe":1,"stat.craftItem.tconstruct.rack":2,"stat.fallOneCm":14699,"stat.pickup.minecraft.gunpowder":4,"stat.crouchOneCm":512,"stat.craftItem.minecraft.iron_ingot":8,"stat.pickup.sky_orchards.resin_lapis":12,"stat.craftingTableInteraction":7,"stat.pickup.sky_orchards.sapling_sand":2,"stat.damageTaken":580,"stat.drop.minecraft.water_bucket":1,"stat.pickup.minecraft.log2":22,"stat.craftItem.sky_orchards.amber_lead":2,"stat.pickup.sky_orchards.resin_iron":15,"stat.pickup.sky_orchards.sapling_clay":1,"stat.useItem.minecraft.stone_sword":1,"stat.damageDealt":214,"stat.pickup.sky_orchards.acorn_iron":30,"stat.drop.advancementbook.advancement_book":4,"stat.drop.minecraft.stick":1,"stat.walkOneCm":306670,"stat.pickup.sky_orchards.leaves_clay":11,"stat.pickup.minecraft.stick":127,"stat.pickup.advancementbook.advancement_book":4,"stat.pickup.sky_orchards.acorn_clay":33,"stat.pickup.sky_orchards.leaves_sand":9,"stat.craftItem.morecauldrons.oak_cauldron":2,"stat.craftItem.sky_orchards.amber_silver":2,"stat.pickup.minecraft.log":221,"stat.pickup.sky_orchards.resin_gravel":15,"stat.pickup.sky_orchards.acorn_gravel":22,"stat.craftItem.rustic.crushing_tub":2,"stat.pickup.sky_orchards.acorn_sand":29,"stat.pickup.minecraft.hopper":2,"stat.pickup.minecraft.sapling":3,"stat.pickup.minecraft.apple":88,"stat.killEntity.Skeleton":1,"stat.craftItem.minecraft.bucket":2,"stat.craftItem.minecraft.planks":24,"stat.craftItem.minecraft.dirt":2,"stat.pickup.minecraft.stone_sword":1,"stat.mobKills":2,"stat.pickup.rustic.sapling_apple":2,"stat.pickup.sky_orchards.acorn_lapis":12,"stat.drop.tconstruct.hatchet":1,"stat.sneakTime":388,"stat.pickup.minecraft.stone_slab":3}