{
  "sf4:age_allthethingsomglol/complete": {
    "criteria": {
      "Completed Age of ALLTHETHINGSOMGLOL§r": "2024-03-06 17:27:33 +0000"
    },
    "done": false
  },
  "tutorial:tutorial/oakwood": {
    "criteria": {
      "Obtain Oak Wood": "2024-03-06 17:31:17 +0000"
    },
    "done": false
  },
  "sf4:age_enhancement/root": {
    "criteria": {
      "inventoryChange": "2024-03-06 17:27:33 +0000"
    },
    "done": true
  },
  "sf4:age1/sapling/cottonwood": {
    "criteria": {
      "Completed Root": "2024-03-06 17:27:33 +0000"
    },
    "done": false
  },
  "tutorial:tutorial/oakplanks": {
    "criteria": {
      "Obtain Oak Wood Planks": "2024-03-06 17:31:41 +0000"
    },
    "done": false
  },
  "sf4:age_exploration/complete": {
    "criteria": {
      "Completed Age of Exploration§r": "2024-03-06 17:27:33 +0000"
    },
    "done": false
  },
  "sf4:age1/complete": {
    "criteria": {
      "Completed Air Fryer§r": "2024-03-06 17:38:15 +0000",
      "Completed That\u0027s Dir-tree§r": "2024-03-06 17:28:37 +0000",
      "Completed Sticky Keys§r": "2024-03-06 17:38:06 +0000",
      "Completed I Love Lucy§r": "2024-03-06 17:46:06 +0000",
      "Completed Root": "2024-03-06 17:27:33 +0000",
      "Completed Captain Hook§r": "2024-03-06 17:53:39 +0000",
      "Completed Dirty Dancing§r": "2024-03-06 17:31:32 +0000",
      "Completed SkyFactory 4§r": "2024-03-06 17:27:33 +0000",
      "Completed Don\u0027t Sieve on Me§r": "2024-03-06 17:47:50 +0000",
      "Completed On the Rocks§r": "2024-03-06 17:43:40 +0000",
      "Completed Starting from the Bottom§r": "2024-03-06 17:28:51 +0000",
      "Completed Hardwood§r": "2024-03-06 17:39:51 +0000",
      "Completed Stop Slabbing Yourself§r": "2024-03-06 17:54:59 +0000",
      "Completed Clay Aiken§r": "2024-03-06 17:43:01 +0000"
    },
    "done": false
  },
  "sf4:age1/sapling/dirt": {
    "criteria": {
      "Obtain Dirt Sapling": "2024-03-06 17:28:37 +0000",
      "Completed Root": "2024-03-06 17:27:33 +0000"
    },
    "done": true
  },
  "sf4:age1/sapling/bacon": {
    "criteria": {
      "Completed Root": "2024-03-06 17:27:33 +0000"
    },
    "done": false
  },
  "sf4:age1/resourcehogs": {
    "criteria": {
      "Completed Root": "2024-03-06 17:27:33 +0000"
    },
    "done": false
  },
  "sf4:age1/iron_ingot": {
    "criteria": {
      "Completed Root": "2024-03-06 17:27:33 +0000"
    },
    "done": false
  },
  "sf4:age1/green_slimy_dirt": {
    "criteria": {
      "Completed Root": "2024-03-06 17:27:33 +0000"
    },
    "done": false
  },
  "sf4:age1/nonpacifist": {
    "criteria": {
      "superflat2": "2024-03-06 17:27:33 +0000",
      "superflat32": "2024-03-06 17:27:33 +0000",
      "Completed Root": "2024-03-06 17:27:33 +0000"
    },
    "done": true
  },
  "sf4:age1/iron_bucket": {
    "criteria": {
      "Completed Root": "2024-03-06 17:27:33 +0000"
    },
    "done": false
  },
  "sf4:age1/sapling/slime": {
    "criteria": {
      "Completed Root": "2024-03-06 17:27:33 +0000"
    },
    "done": false
  },
  "tutorial:tutorial/copied/gravelsapling": {
    "criteria": {
      "Obtain Gravel Sapling": "2024-03-06 17:47:50 +0000"
    },
    "done": false
  },
  "sf4:age1/amber/silver": {
    "criteria": {
      "Completed Root": "2024-03-06 17:27:33 +0000"
    },
    "done": false
  },
  "sf4:age1/string": {
    "criteria": {
      "Completed Root": "2024-03-06 17:27:33 +0000"
    },
    "done": false
  },
  "sf4:age1/amber/lead": {
    "criteria": {
      "Completed Root": "2024-03-06 17:27:33 +0000"
    },
    "done": false
  },
  "sf4:age_storage/complete_no_prestige": {
    "criteria": {
      "Prestige Mode Disabled": "2024-03-06 17:27:33 +0000",
      "Completed Age of Storage§r": "2024-03-06 17:27:33 +0000"
    },
    "done": false
  },
  "tutorial:tutorial/placedirtsapling": {
    "criteria": {
      "Placed Dirt Sapling": "2024-03-06 17:28:46 +0000"
    },
    "done": false
  },
  "sf4:age1/sapling/petrified": {
    "criteria": {
      "Completed Root": "2024-03-06 17:27:33 +0000",
      "Obtain Petrified Sapling": "2024-03-06 17:39:51 +0000"
    },
    "done": true
  },
  "sf4:age1/sapling/redstone": {
    "criteria": {
      "Completed Root": "2024-03-06 17:27:33 +0000"
    },
    "done": false
  },
  "sf4:age1/amber/gold": {
    "criteria": {
      "Completed Root": "2024-03-06 17:27:33 +0000"
    },
    "done": false
  },
  "sf4:age1/sapling/tin": {
    "criteria": {
      "Completed Root": "2024-03-06 17:27:33 +0000"
    },
    "done": false
  },
  "tutorial:tutorial/dirtsapling": {
    "criteria": {
      "Obtain a Dirt Sapling": "2024-03-06 17:28:37 +0000"
    },
    "done": false
  },
  "sf4:age1/wooden_crook": {
    "criteria": {
      "Completed Root": "2024-03-06 17:27:33 +0000",
      "Obtain Wooden Crook": "2024-03-06 17:53:39 +0000"
    },
    "done": true
  },
  "sf4:age_farming/bonsai": {
    "criteria": {
      "Obtain Bonsai Pot": "2024-03-06 17:59:37 +0000"
    },
    "done": true
  },
  "sf4:age_farming/skyorchards": {
    "criteria": {
      "Obtain Dirt Sapling": "2024-03-06 17:28:37 +0000",
      "Obtain Petrified Sapling": "2024-03-06 17:39:51 +0000",
      "Obtain Clay Sapling": "2024-03-06 17:43:01 +0000",
      "Obtain Gravel Sapling": "2024-03-06 17:47:50 +0000"
    },
    "done": false
  },
  "sf4:age_exploration/skygriddragonkill": {
    "criteria": {
      "Completed Age of Exploration§r": "2024-03-06 17:27:33 +0000"
    },
    "done": false
  },
  "tutorial:tutorial/copied/crushingtub": {
    "criteria": {
      "Obtain Crushing Tub": "2024-03-06 17:46:06 +0000"
    },
    "done": false
  },
  "sf4:age1/sapling/lapis": {
    "criteria": {
      "Completed Root": "2024-03-06 17:27:33 +0000"
    },
    "done": false
  },
  "pacifist:pacifist_run/root": {
    "criteria": {
      "hasRock": "2024-03-06 17:27:33 +0000"
    },
    "done": false
  },
  "sf4:age1/coal": {
    "criteria": {
      "Completed Root": "2024-03-06 17:27:33 +0000"
    },
    "done": false
  },
  "sf4:age_storage/complete": {
    "criteria": {
      "Completed Age of Storage§r": "2024-03-06 17:27:33 +0000"
    },
    "done": false
  },
  "sf4:age_exploration/root": {
    "criteria": {
      "inventoryChange": "2024-03-06 17:27:33 +0000"
    },
    "done": true
  },
  "tutorial:tutorial/craftingstation": {
    "criteria": {
      "Obtain a Crafting Station": "2024-03-06 17:58:42 +0000"
    },
    "done": false
  },
  "sf4:age1/slabs": {
    "criteria": {
      "Completed Root": "2024-03-06 17:27:33 +0000",
      "Obtain Furnace Slab": "2024-03-06 17:54:59 +0000"
    },
    "done": true
  },
  "sf4:age_storage/root": {
    "criteria": {
      "inventoryChange": "2024-03-06 17:27:33 +0000"
    },
    "done": true
  },
  "sf4:age1/diamond": {
    "criteria": {
      "Completed Root": "2024-03-06 17:27:33 +0000"
    },
    "done": false
  },
  "sf4:age1/obsidian": {
    "criteria": {
      "Completed Root": "2024-03-06 17:27:33 +0000"
    },
    "done": false
  },
  "sf4:age1/lavasource": {
    "criteria": {
      "Completed SkyFactory 4§r": "2024-03-06 17:27:33 +0000",
      "Completed Root": "2024-03-06 17:27:33 +0000"
    },
    "done": false
  },
  "tutorial:tutorial/copied/petrifiedsapling": {
    "criteria": {
      "Obtain Petrified Sapling": "2024-03-06 17:39:51 +0000"
    },
    "done": false
  },
  "sf4:age1/sapling/sand": {
    "criteria": {
      "Completed Root": "2024-03-06 17:27:33 +0000"
    },
    "done": false
  },
  "sf4:age1/dirt": {
    "criteria": {
      "Completed Root": "2024-03-06 17:27:33 +0000",
      "Craft Dirt Block": "2024-03-06 17:31:32 +0000"
    },
    "done": true
  },
  "sf4:age1/sapling/coal": {
    "criteria": {
      "Completed Root": "2024-03-06 17:27:33 +0000"
    },
    "done": false
  },
  "hardcore:hardcore/forgivingvoid": {
    "criteria": {
      "Completed Age of Exploration§r": "2024-03-06 17:27:33 +0000"
    },
    "done": false
  },
  "sf4:age_enhancement/complete": {
    "criteria": {
      "Completed Age of Enhancement§r": "2024-03-06 17:27:33 +0000"
    },
    "done": false
  },
  "sf4:age_enhancement/completenoprestige": {
    "criteria": {
      "Prestige Mode Disabled": "2024-03-06 17:27:33 +0000",
      "Completed Age of Enhancement§r": "2024-03-06 17:27:33 +0000"
    },
    "done": false
  },
  "sf4:age1/completenoprestige": {
    "criteria": {
      "Completed Air Fryer§r": "2024-03-06 17:38:15 +0000",
      "Prestige Mode Disabled": "2024-03-06 17:27:33 +0000",
      "Completed That\u0027s Dir-tree§r": "2024-03-06 17:28:37 +0000",
      "Completed Sticky Keys§r": "2024-03-06 17:38:06 +0000",
      "Completed I Love Lucy§r": "2024-03-06 17:46:06 +0000",
      "Completed Root": "2024-03-06 17:27:33 +0000",
      "Completed Captain Hook§r": "2024-03-06 17:53:39 +0000",
      "Completed Dirty Dancing§r": "2024-03-06 17:31:32 +0000",
      "Completed SkyFactory 4§r": "2024-03-06 17:27:33 +0000",
      "Completed Don\u0027t Sieve on Me§r": "2024-03-06 17:47:50 +0000",
      "Completed On the Rocks§r": "2024-03-06 17:43:40 +0000",
      "Completed Starting from the Bottom§r": "2024-03-06 17:28:51 +0000",
      "Completed Hardwood§r": "2024-03-06 17:39:51 +0000",
      "Completed Stop Slabbing Yourself§r": "2024-03-06 17:54:59 +0000",
      "Completed Clay Aiken§r": "2024-03-06 17:43:01 +0000"
    },
    "done": false
  },
  "sf4:age1/sapling/iron": {
    "criteria": {
      "Completed Root": "2024-03-06 17:27:33 +0000"
    },
    "done": false
  },
  "sf4:age1/stone_crook": {
    "criteria": {
      "Completed Root": "2024-03-06 17:27:33 +0000"
    },
    "done": false
  },
  "sf4:age_farming/root": {
    "criteria": {
      "inventoryChange": "2024-03-06 17:27:33 +0000"
    },
    "done": true
  },
  "sf4:age_exploration/completenoprestige": {
    "criteria": {
      "Completed Age of Exploration§r": "2024-03-06 17:27:33 +0000",
      "Prestige Mode Disabled": "2024-03-06 17:27:33 +0000"
    },
    "done": false
  },
  "sf4:age_power/root": {
    "criteria": {
      "inventoryChange": "2024-03-06 17:27:33 +0000"
    },
    "done": true
  },
  "tutorial:tutorial/copied/slabs": {
    "criteria": {
      "Obtain Furnace Slab": "2024-03-06 17:54:59 +0000"
    },
    "done": false
  },
  "tutorial:tutorial/copied/claysapling": {
    "criteria": {
      "Obtain a Clay Sapling": "2024-03-06 17:43:01 +0000"
    },
    "done": false
  },
  "sf4:age1/sleep": {
    "criteria": {
      "Completed Root": "2024-03-06 17:27:33 +0000"
    },
    "done": false
  },
  "sf4:age1/sapling/bone": {
    "criteria": {
      "Completed Root": "2024-03-06 17:27:33 +0000"
    },
    "done": false
  },
  "pacifist:pacifist_run/peaceful": {
    "criteria": {
      "brokeLeaves": "2024-03-06 17:28:06 +0000",
      "brokeLog": "2024-03-06 17:28:28 +0000"
    },
    "done": false
  },
  "sf4:age1/sapling/lead": {
    "criteria": {
      "Completed Root": "2024-03-06 17:27:33 +0000"
    },
    "done": false
  },
  "sf4:age1/sapling/diamond": {
    "criteria": {
      "Completed Root": "2024-03-06 17:27:33 +0000"
    },
    "done": false
  },
  "sf4:age1/water": {
    "criteria": {
      "Completed Root": "2024-03-06 17:27:33 +0000"
    },
    "done": false
  },
  "sf4:age1/acorn/dirt_cooked": {
    "criteria": {
      "Completed Root": "2024-03-06 17:27:33 +0000"
    },
    "done": false
  },
  "sf4:age1/watersource": {
    "criteria": {
      "Completed SkyFactory 4§r": "2024-03-06 17:27:33 +0000",
      "Completed Root": "2024-03-06 17:27:33 +0000"
    },
    "done": false
  },
  "sf4:age1/twerk": {
    "criteria": {
      "Completed Root": "2024-03-06 17:27:33 +0000",
      "Obtain 8 Dirt Saplings": "2024-03-06 17:38:06 +0000",
      "Obtain 8 Oak Logs": "2024-03-06 17:33:08 +0000"
    },
    "done": true
  },
  "sf4:age1/cauldron": {
    "criteria": {
      "Completed Root": "2024-03-06 17:27:33 +0000"
    },
    "done": false
  },
  "sf4:age1/cobblestone_generator": {
    "criteria": {
      "Completed Root": "2024-03-06 17:27:33 +0000"
    },
    "done": false
  },
  "tutorial:tutorial/copied/cobblestone": {
    "criteria": {
      "Obtain Cobblestone Block": "2024-03-06 17:43:40 +0000"
    },
    "done": false
  },
  "sf4:age1/sapling/gravel": {
    "criteria": {
      "Completed Root": "2024-03-06 17:27:33 +0000",
      "Obtain Gravel Sapling": "2024-03-06 17:47:50 +0000"
    },
    "done": true
  },
  "sf4:age_power/complete": {
    "criteria": {
      "Completed Age of Power§r": "2024-03-06 17:27:33 +0000"
    },
    "done": false
  },
  "sf4:age1/prestige_notify": {
    "criteria": {
      "Completed Root": "2024-03-06 17:27:33 +0000"
    },
    "done": false
  },
  "sf4:age1/crushing_tub": {
    "criteria": {
      "Obtain Crushing Tub": "2024-03-06 17:46:06 +0000",
      "Completed Root": "2024-03-06 17:27:33 +0000"
    },
    "done": true
  },
  "sf4:age1/clay_bucket": {
    "criteria": {
      "Completed Root": "2024-03-06 17:27:33 +0000"
    },
    "done": false
  },
  "tutorial:tutorial/petrifiedacorn": {
    "criteria": {
      "Obtain Oak Wood Planks": "2024-03-06 17:37:25 +0000"
    },
    "done": false
  },
  "sf4:age_farming/complete": {
    "criteria": {
      "Completed Bonsai!!!§r": "2024-03-06 17:59:37 +0000",
      "Completed Age of Farming§r": "2024-03-06 17:27:33 +0000"
    },
    "done": false
  },
  "sf4:age1/lava": {
    "criteria": {
      "Completed Root": "2024-03-06 17:27:33 +0000"
    },
    "done": false
  },
  "sf4:age1/amber/iron": {
    "criteria": {
      "Completed Root": "2024-03-06 17:27:33 +0000"
    },
    "done": false
  },
  "sf4:age1/root": {
    "criteria": {
      "non_tutorial_start": "2024-03-06 17:27:33 +0000"
    },
    "done": true
  },
  "tutorial:tutorial/woodencrook": {
    "criteria": {
      "Obtain a Wooden Crook": "2024-03-06 17:53:39 +0000"
    },
    "done": false
  },
  "sf4:age1/sapling/donut": {
    "criteria": {
      "Completed Root": "2024-03-06 17:27:33 +0000"
    },
    "done": false
  },
  "sf4:age1/sapling/silver": {
    "criteria": {
      "Completed Root": "2024-03-06 17:27:33 +0000"
    },
    "done": false
  },
  "sf4:age_power/completenoprestige": {
    "criteria": {
      "Prestige Mode Disabled": "2024-03-06 17:27:33 +0000",
      "Completed Age of Power§r": "2024-03-06 17:27:33 +0000"
    },
    "done": false
  },
  "sf4:age1/sapling/clay": {
    "criteria": {
      "Completed Root": "2024-03-06 17:27:33 +0000",
      "Obtain a Clay Sapling": "2024-03-06 17:43:01 +0000"
    },
    "done": true
  },
  "sf4:age1/cobblestone": {
    "criteria": {
      "Completed Root": "2024-03-06 17:27:33 +0000",
      "Obtain Cobblestone Block": "2024-03-06 17:43:40 +0000"
    },
    "done": true
  },
  "sf4:age1/sapling/gold": {
    "criteria": {
      "Completed Root": "2024-03-06 17:27:33 +0000"
    },
    "done": false
  },
  "sf4:age1/drying_rack": {
    "criteria": {
      "Completed Root": "2024-03-06 17:27:33 +0000",
      "Obtain Drying Rack": "2024-03-06 17:38:15 +0000"
    },
    "done": true
  },
  "tutorial:tutorial/dryingrack": {
    "criteria": {
      "Obtain Oak Wood Planks": "2024-03-06 17:38:15 +0000"
    },
    "done": false
  },
  "tutorial:tutorial/placeoak": {
    "criteria": {
      "Placed Oak Wood Slab": "2024-03-06 17:33:25 +0000",
      "Placed Oak Planks": "2024-03-06 17:31:49 +0000"
    },
    "done": false
  },
  "sf4:age_allthethingsomglol/complete_no_prestige": {
    "criteria": {
      "Prestige Mode Disabled": "2024-03-06 17:27:33 +0000",
      "Completed Age of ALLTHETHINGSOMGLOL§r": "2024-03-06 17:27:33 +0000"
    },
    "done": false
  },
  "sf4:age1/sapling": {
    "criteria": {
      "Completed SkyFactory 4§r": "2024-03-06 17:27:33 +0000",
      "Has Sapling": "2024-03-06 17:28:37 +0000",
      "Completed Root": "2024-03-06 17:27:33 +0000"
    },
    "done": false
  },
  "sf4:age1/amber/tin": {
    "criteria": {
      "Completed Root": "2024-03-06 17:27:33 +0000"
    },
    "done": false
  },
  "sf4:age_farming/complete_no_prestige": {
    "criteria": {
      "Prestige Mode Disabled": "2024-03-06 17:27:33 +0000",
      "Completed Bonsai!!!§r": "2024-03-06 17:59:37 +0000",
      "Completed Age of Farming§r": "2024-03-06 17:27:33 +0000"
    },
    "done": false
  },
  "sf4:age1/acorn/dirt": {
    "criteria": {
      "Obtain Dirt Acorn": "2024-03-06 17:28:51 +0000",
      "Completed Root": "2024-03-06 17:27:33 +0000"
    },
    "done": true
  },
  "sf4:age_allthethingsomglol/root": {
    "criteria": {
      "inventoryChange": "2024-03-06 17:27:33 +0000"
    },
    "done": true
  }
}