{"stat.pickup.minecraft.wooden_slab":6,"stat.leaveGame":6,"stat.mineBlock.minecraft.cobblestone":11,"stat.mineBlock.sky_orchards.leaves_gravel":5,"stat.useItem.tconstruct.mattock":33,"stat.pickup.minecraft.flint":4,"stat.killEntity.Human":1,"stat.craftItem.tconstruct.faucet":6,"stat.drop.sky_orchards.resin_coal":2,"stat.pickup.sky_orchards.resin_dirt":85,"stat.pickup.pickletweaks.coal_piece":11,"stat.craftItem.sky_orchards.amber_iron":239,"stat.swimOneCm":972,"stat.pickup.tconstruct.faucet":1,"stat.useItem.minecraft.planks":1,"stat.climbOneCm":5804,"stat.craftItem.sky_orchards.sapling_petrified":1,"stat.drop.minecraft.cobblestone":4,"stat.mineBlock.sky_orchards.log_dirt":5,"stat.useItem.minecraft.dirt":5,"stat.useItem.minecraft.stone_slab2":118,"stat.pickup.minecraft.leaves2":26,"stat.craftItem.sky_orchards.amber_clay":55,"stat.craftItem.minecraft.furnace":4,"stat.craftItem.sky_orchards.sapling_gravel":2,"stat.pickup.sky_orchards.sapling_dirt":72,"stat.craftItem.minecraft.bone_block":12,"stat.craftItem.minecraft.stone_axe":2,"stat.pickup.tp.cobblegen_block":1,"stat.mineBlock.sky_orchards.leaves_dirt":11,"stat.pickup.minecraft.cobblestone":19,"stat.mineBlock.minecraft.wooden_slab":6,"stat.craftItem.tconstruct.casting":4,"stat.mineBlock.minecraft.clay":3,"stat.flyOneCm":18377,"stat.pickup.integrateddynamics.menril_sapling":3,"stat.mineBlock.sky_orchards.leaves_coal":1,"stat.pickup.integrateddynamics.menril_berries":4,"stat.pickup.sky_orchards.resin_coal":13,"stat.craftItem.minecraft.wooden_slab":216,"stat.pickup.sky_orchards.resin_petrified":40,"stat.pickup.sky_orchards.sapling_petrified":52,"stat.timeSinceDeath":202533,"stat.drop.minecraft.log":6,"stat.useItem.minecraft.wooden_slab":192,"stat.pickup.minecraft.wooden_axe":1,"stat.craftItem.tconstruct.seared":109,"stat.pickup.integrateddynamics.menril_leaves":1,"stat.craftItem.tp.iron_cobblegen_block":1,"stat.drop.ceramics.clay_bucket":1,"stat.pickup.tconstruct.soil":8,"stat.furnaceInteraction":148,"stat.useItem.tconstruct.rack":3,"stat.useItem.sky_orchards.sapling_clay":7,"stat.useItem.xlfoodmod.coffee":1,"stat.useItem.tp.toasted_bread":1,"stat.craftItem.tconstruct.soil":272,"stat.craftItem.thermalfoundation.material":16,"stat.pickup.minecraft.string":1,"stat.craftItem.sky_orchards.acorn_dirt":6,"stat.pickup.tconstruct.smeltery_controller":1,"stat.pickup.sky_orchards.acorn_coal":28,"stat.mineBlock.rustic.sapling_apple":2,"stat.mineBlock.sky_orchards.leaves_clay":10,"stat.drop.sky_orchards.acorn_petrified":1,"stat.craftItem.minecraft.stone_slab2":2,"stat.useItem.sky_orchards.sapling_petrified":14,"stat.craftItem.tconstruct.tooltables":14,"stat.pickup.sky_orchards.acorn_dirt":68,"stat.sprintOneCm":48711,"stat.pickup.sky_orchards.sapling_coal":8,"stat.craftItem.minecraft.stick":24,"stat.craftItem.minecraft.wooden_axe":1,"stat.useItem.carryon.tile_item":3,"stat.mineBlock.sky_orchards.leaves_petrified":194,"stat.pickup.integrateddynamics.menril_log":2,"stat.craftItem.minecraft.sand":80,"stat.useItem.tconstruct.casting":1,"stat.pickup.sky_orchards.leaves_gravel":1,"stat.pickup.sky_orchards.leaves_coal":9,"stat.pickup.inspirations.wooden_crook":1,"stat.craftItem.minecraft.clay_ball":272,"stat.useItem.minecraft.dye":54,"stat.pickup.minecraft.lever":2,"stat.mineBlock.minecraft.planks":1,"stat.deaths":1,"stat.drop":28,"stat.pickup.sky_orchards.leaves_dirt":5,"stat.playOneMinute":208292,"stat.useItem.rustic.fertile_soil":3,"stat.pickup.tconstruct.rack":6,"stat.craftItem.sky_orchards.sapling_clay":2,"stat.useItem.tconstruct.seared":37,"stat.useItem.minecraft.ladder":4,"stat.useItem.sky_orchards.acorn_dirt":10,"stat.pickup.sky_orchards.sapling_lapis":6,"stat.mineBlock.bonsaitrees.bonsaipot":32,"stat.pickup.minecraft.iron_block":1,"stat.craftItem.minecraft.dye":108,"stat.craftItem.minecraft.clay":76,"stat.pickup.integrateddynamics.crystalized_menril_chunk":1,"stat.pickup.tconstruct.seared":20,"stat.chestOpened":378,"stat.pickup.tconstruct.tooltables":2,"stat.craftItem.minecraft.ladder":27,"stat.pickup.tconstruct.casting":3,"stat.drop.minecraft.hopper":2,"stat.craftItem.tp.cobblegen_block":2,"stat.pickup.sky_orchards.resin_redstone":1,"stat.pickup.minecraft.wooden_pressure_plate":9,"stat.mineBlock.tconstruct.smeltery_controller":1,"stat.pickup.sky_orchards.acorn_petrified":70,"stat.useItem.bonsaitrees.bonsaipot":52,"stat.useItem.minecraft.apple":8,"stat.useItem.inspirations.wooden_crook":199,"stat.useItem.minecraft.clay":2,"stat.pickup.sky_orchards.resin_sand":11,"stat.craftItem.minecraft.coal":85,"stat.mineBlock.tconstruct.faucet":1,"stat.pickup.sky_orchards.resin_clay":35,"stat.pickup.rustic.leaves_apple":5,"stat.pickup.sky_orchards.leaves_iron":13,"stat.jump":584,"stat.useItem.sky_orchards.sapling_gravel":1,"stat.craftItem.tconstruct.rack":10,"stat.fallOneCm":143831,"stat.pickup.minecraft.iron_ingot":1,"stat.useItem.tconstruct.tooltables":2,"stat.pickup.sky_orchards.sapling_redstone":1,"stat.craftItem.bonsaitrees.bonsaipot":102,"stat.craftItem.minecraft.lever":2,"stat.crouchOneCm":18113,"stat.mineBlock.minecraft.chest":9,"stat.pickup.minecraft.spider_eye":1,"stat.craftItem.minecraft.chest":202,"stat.craftItem.minecraft.torch":4,"stat.craftItem.minecraft.iron_ingot":306,"stat.pickup.minecraft.dirt":50,"stat.mineBlock.minecraft.lever":2,"stat.pickup.bonsaitrees.bonsaipot":36,"stat.craftItem.minecraft.hopper":54,"stat.pickup.sky_orchards.resin_lapis":6,"stat.craftingTableInteraction":94,"stat.pickup.sky_orchards.sapling_sand":12,"stat.mineBlock.tconstruct.rack":8,"stat.drop.minecraft.leaves2":17,"stat.mineBlock.tconstruct.tooltables":2,"stat.pickup.minecraft.leaves":3,"stat.craftItem.tconstruct.pattern":68,"stat.mineBlock.minecraft.leaves2":5,"stat.pickup.sky_orchards.acorn_redstone":2,"stat.damageTaken":979,"stat.pickup.sky_orchards.leaves_redstone":1,"stat.mineBlock.minecraft.torch":8,"stat.craftItem.tconstruct.materials":43,"stat.drop.sky_orchards.sapling_gravel":1,"stat.pickup.minecraft.log2":10,"stat.pickup.minecraft.dye":33,"stat.pickup.minecraft.planks":42,"stat.pickup.sky_orchards.resin_iron":39,"stat.pickup.rustic.fertile_soil":27,"stat.mineBlock.sky_orchards.sapling_petrified":1,"stat.pickup.sky_orchards.sapling_clay":31,"stat.damageDealt":434,"stat.craftItem.minecraft.glass":31,"stat.mineBlock.minecraft.dirt":4,"stat.pickup.sky_orchards.acorn_iron":48,"stat.craftItem.minecraft.gravel":68,"stat.pickup.sky_orchards.acorn_bone":2,"stat.walkOneCm":648578,"stat.craftItem.sky_orchards.amber_petrified":90,"stat.useItem.minecraft.torch":13,"stat.useItem.minecraft.chest":60,"stat.pickup.sky_orchards.sapling_iron":15,"stat.craftItem.tconstruct.smeltery_io":2,"stat.mineBlock.sky_orchards.sapling_dirt":3,"stat.pickup.sky_orchards.leaves_clay":7,"stat.pickup.minecraft.stick":76,"stat.pickup.sky_orchards.sapling_bone":4,"stat.useItem.minecraft.log":5,"stat.pickup.minecraft.clay_ball":12,"stat.useItem.minecraft.cobblestone":14,"stat.craftItem.inspirations.wooden_crook":2,"stat.craftItem.minecraft.crafting_table":6,"stat.pickup.sky_orchards.acorn_clay":122,"stat.pickup.sky_orchards.leaves_sand":3,"stat.mineBlock.sky_orchards.sapling_coal":2,"stat.drop.tconstruct.soil":48,"stat.mineBlock.sky_orchards.sapling_clay":1,"stat.pickup.minecraft.log":200,"stat.useItem.tconstruct.faucet":2,"stat.mineBlock.rustic.fertile_soil":3,"stat.useItem.sky_orchards.acorn_iron":3,"stat.drop.sky_orchards.acorn_gravel":3,"stat.drop.inspirations.wooden_crook":2,"stat.pickup.sky_orchards.resin_gravel":8,"stat.craftItem.rustic.crushing_tub":2,"stat.pickup.sky_orchards.acorn_gravel":74,"stat.mineBlock.slabmachines.workbench_slab":4,"stat.useItem.tconstruct.pickaxe":29,"stat.useItem.slabmachines.furnace_slab":2,"stat.pickup.sky_orchards.acorn_sand":30,"stat.drop.minecraft.sapling":4,"stat.pickup.minecraft.hopper":3,"stat.pickup.minecraft.sapling":14,"stat.useItem.minecraft.leaves":2,"stat.pickup.sky_orchards.sapling_gravel":15,"stat.pickup.minecraft.apple":32,"stat.mineBlock.minecraft.iron_block":1,"stat.pickup.slabmachines.workbench_slab":4,"stat.drop.sky_orchards.sapling_dirt":1,"stat.craftItem.minecraft.bucket":1,"stat.craftItem.minecraft.planks":304,"stat.killEntity.rogue_android":1,"stat.craftItem.minecraft.dirt":6,"stat.killEntity.Spider":1,"stat.drop.sky_orchards.resin_clay":1,"stat.craftItem.rustic.fertile_soil":46,"stat.useItem.minecraft.wooden_pressure_plate":8,"stat.mobKills":2,"stat.mineBlock.sky_orchards.log_clay":10,"stat.pickup.rustic.sapling_apple":6,"stat.pickup.sky_orchards.acorn_lapis":5,"stat.mineBlock.minecraft.leaves":3,"stat.craftItem.slabmachines.furnace_slab":8,"stat.useItem.integrateddynamics.menril_berries":1,"stat.pickup.minecraft.torch":11,"stat.drop.tconstruct.hatchet":2,"stat.mineBlock.tconstruct.seared":3,"stat.sneakTime":6037,"stat.mineBlock.tconstruct.casting":3,"stat.pickup.minecraft.lava_bucket":2,"stat.drop.minecraft.stone_axe":1,"stat.mineBlock.tp.cobblegen_block":1,"stat.useItem.minecraft.wooden_axe":15,"stat.craftItem.minecraft.brick":251,"stat.craftItem.minecraft.cobblestone":33,"stat.useItem.sky_orchards.sapling_dirt":2,"stat.drop.minecraft.wooden_axe":1,"stat.useItem.tconstruct.hatchet":24,"stat.pickup.minecraft.chest":15,"stat.useItem.rustic.apple_seeds":2}