{"stat.chestOpened":209,"stat.walkOneCm":189024,"stat.pickup.sky_orchards.leaves_clay":11,"stat.pickup.minecraft.stick":127,"stat.drop.minecraft.hopper":2,"stat.pickup.integrateddynamics.menril_leaves":42,"stat.furnaceInteraction":1,"stat.pickup.sky_orchards.acorn_clay":33,"stat.pickup.sky_orchards.leaves_sand":9,"stat.pickup.sky_orchards.resin_dirt":18,"stat.pickup.sky_orchards.acorn_lead":1,"stat.pickup.pickletweaks.coal_piece":1,"stat.pickup.sky_orchards.resin_sand":25,"stat.pickup.minecraft.log":221,"stat.pickup.sky_orchards.resin_clay":23,"stat.pickup.minecraft.string":2,"stat.pickup.rustic.leaves_apple":67,"stat.pickup.tconstruct.hatchet":3,"stat.pickup.sky_orchards.leaves_iron":9,"stat.jump":272,"stat.swimOneCm":1140,"stat.pickup.sky_orchards.resin_gravel":15,"stat.fallOneCm":5827,"stat.pickup.sky_orchards.acorn_coal":28,"stat.climbOneCm":407,"stat.pickup.sky_orchards.acorn_gravel":22,"stat.pickup.sky_orchards.acorn_sand":29,"stat.pickup.minecraft.gunpowder":4,"stat.pickup.minecraft.hopper":2,"stat.crouchOneCm":299,"stat.pickup.minecraft.sapling":3,"stat.pickup.sky_orchards.acorn_dirt":30,"stat.sprintOneCm":5332,"stat.useItem.minecraft.stone_slab2":1,"stat.pickup.sky_orchards.sapling_coal":2,"stat.entityKilledBy.ranged_rogue_android":2,"stat.pickup.minecraft.apple":88,"stat.pickup.minecraft.leaves2":49,"stat.pickup.sky_orchards.resin_lapis":12,"stat.pickup.minecraft.rotten_flesh":5,"stat.killEntity.Skeleton":1,"stat.pickup.sky_orchards.sapling_sand":2,"stat.pickup.sky_orchards.leaves_lapis":7,"stat.pickup.integrateddynamics.menril_log":18,"stat.damageTaken":540,"stat.pickup.sky_orchards.leaves_gravel":7,"stat.pickup.minecraft.stone_sword":1,"stat.pickup.sky_orchards.leaves_coal":9,"stat.mobKills":2,"stat.pickup.minecraft.cobblestone":3,"stat.pickup.minecraft.log2":22,"stat.pickup.sky_orchards.resin_iron":15,"stat.pickup.rustic.sapling_apple":2,"stat.flyOneCm":2205,"stat.pickup.sky_orchards.acorn_lapis":12,"stat.deaths":2,"stat.drop":4,"stat.pickup.sky_orchards.leaves_dirt":7,"stat.playOneMinute":75535,"stat.pickup.integrateddynamics.menril_berries":22,"stat.drop.tconstruct.hatchet":1,"stat.pickup.sky_orchards.resin_coal":17,"stat.pickup.sky_orchards.sapling_clay":1,"stat.sneakTime":161,"stat.useItem.minecraft.stone_sword":1,"stat.pickup.sky_orchards.sapling_lapis":2,"stat.damageDealt":214,"stat.killEntity.Zombie":1,"stat.timeSinceDeath":35136,"stat.pickup.minecraft.stone_slab":3,"stat.pickup.sky_orchards.acorn_iron":30,"stat.pickup.integrateddynamics.crystalized_menril_chunk":21,"stat.drop.minecraft.stick":1}