{"stat.chestOpened":118,"stat.cakeSlicesEaten":21,"stat.killEntity.ranged_rogue_android":18,"stat.pickup.minecraft.pumpkin":4,"stat.walkOneCm":480744,"stat.animalsBred":5,"stat.pickup.inspirations.carrot_seeds":4,"stat.useItem.minecraft.log":4,"stat.mineBlock.minecraft.pumpkin":4,"stat.useItem.minecraft.cobblestone":185,"stat.furnaceInteraction":81,"stat.killEntity.Human":42,"stat.useItem.minecraft.apple":8,"stat.useItem.statues.blockplayerstatue":5,"stat.killEntity.ZombieVillager":1,"stat.mineBlock.sky_orchards.leaves_iron":9,"stat.killEntity.Creeper":70,"stat.pickup.minecraft.log":304,"stat.pickup.sky_orchards.amber_iron":1,"stat.useItem.sky_orchards.leaves_iron":10,"stat.useItem.sky_orchards.acorn_iron":11,"stat.useItem.xlfoodmod.raw_corn":1,"stat.jump":1558,"stat.swimOneCm":5010,"stat.fallOneCm":47435,"stat.climbOneCm":8190,"stat.pickup.minecraft.iron_ingot":7,"stat.pickup.xlfoodmod.corn_seeds":4,"stat.pickup.minecraft.carrot":37,"stat.craftItem.minecraft.stone_slab2":0,"stat.pickup.minecraft.gunpowder":52,"stat.crouchOneCm":17104,"stat.pickup.minecraft.blaze_powder":3,"stat.craftItem.minecraft.iron_ingot":18,"stat.pickup.minecraft.dirt":3,"stat.sprintOneCm":169509,"stat.useItem.minecraft.stone_slab2":24,"stat.craftItem.minecraft.stick":128,"stat.killEntity.Skeleton":52,"stat.craftItem.minecraft.planks":192,"stat.useItem.minecraft.iron_sword":155,"stat.pickup.integrateddynamics.menril_log":2,"stat.killEntity.rogue_android":16,"stat.useItem.minecraft.wheat_seeds":9,"stat.useItem.xlfoodmod.corn_seeds":1,"stat.damageTaken":2486,"stat.pickup.minecraft.stone_sword":2,"stat.craftItem.minecraft.stone_pickaxe":4,"stat.mineBlock.minecraft.torch":1,"stat.useItem.minecraft.carrot":18,"stat.killEntity.Enderman":4,"stat.mobKills":241,"stat.pickup.minecraft.cobblestone":64,"stat.mineBlock.minecraft.log":3,"stat.pickup.mysticalagriculture.crafting":7,"stat.craftItem.minecraft.stone_sword":19,"stat.flyOneCm":51901,"stat.deaths":8,"stat.pickup.minecraft.wheat_seeds":13,"stat.craftItem.sky_orchards.acorn_iron":168,"stat.playOneMinute":158698,"stat.pickup.minecraft.torch":2,"stat.pickup.xlfoodmod.raw_corn":2,"stat.useItem.minecraft.stone_sword":950,"stat.sneakTime":4086,"stat.pickup.statues.blockplayerstatue":1,"stat.damageDealt":23131,"stat.sleepInBed":2,"stat.killEntity.Zombie":39,"stat.timeSinceDeath":17079,"stat.pickup.minecraft.stone_slab":1,"stat.mineBlock.minecraft.dirt":2,"stat.pickup.sky_orchards.acorn_iron":102,"stat.craftItem.minecraft.iron_sword":2,"stat.pickup.minecraft.wheat":9}