{"stat.pickup.minecraft.wooden_slab":51,"stat.leaveGame":9,"stat.drop.minecraft.redstone":3,"stat.craftItem.mob_grinding_utils.tank":2,"stat.craftItem.minecraft.ender_eye":4,"stat.pickup.tconstruct.faucet":3,"stat.mineBlock.sky_orchards.log_dirt":5,"stat.pickup.minecraft.leaves2":29,"stat.pickup.minecraft.rotten_flesh":7,"stat.craftItem.sky_orchards.amber_clay":55,"stat.craftItem.sky_orchards.sapling_gravel":2,"stat.pickup.sky_orchards.sapling_dirt":72,"stat.craftItem.minecraft.stone_axe":2,"stat.mineBlock.slabmachines.furnace_slab":1,"stat.mineBlock.minecraft.wooden_slab":80,"stat.pickup.integrateddynamics.menril_sapling":3,"stat.craftItem.mob_grinding_utils.tank_sink":2,"stat.pickup.integrateddynamics.menril_berries":4,"stat.pickup.sky_orchards.resin_petrified":40,"stat.craftItem.clickmachine.auto_clicker":1,"stat.craftItem.minecraft.bed":2,"stat.mineBlock.minecraft.hopper":1,"stat.craftItem.tp.iron_cobblegen_block":1,"stat.furnaceInteraction":199,"stat.killEntity.ZombieVillager":2,"stat.mineBlock.sky_orchards.amber_iron":1,"stat.craftItem.sky_orchards.acorn_dirt":6,"stat.craftItem.tp.birthday_pickaxe":7,"stat.pickup.sky_orchards.acorn_coal":28,"stat.craftItem.storagenetwork.storage_kabel":56,"stat.pickup.minecraft.cauldron":3,"stat.pickup.sky_orchards.acorn_dirt":68,"stat.pickup.sky_orchards.sapling_coal":8,"stat.useItem.minecraft.fence":56,"stat.mineBlock.minecraft.fence":10,"stat.useItem.minecraft.flint_and_steel":14,"stat.pickup.tconstruct.smeltery_io":2,"stat.useItem.minecraft.wheat_seeds":5,"stat.pickup.sky_orchards.leaves_coal":9,"stat.useItem.minecraft.dye":1017,"stat.pickup.minecraft.lever":2,"stat.deaths":3,"stat.pickup.sky_orchards.leaves_dirt":5,"stat.pickup.xlfoodmod.raw_corn":91,"stat.drop.tp.birthday_pickaxe":2,"stat.pickup.sky_orchards.sapling_lapis":6,"stat.drop.inspirations.sugar_cane_seeds":3,"stat.mineBlock.minecraft.tallgrass":123,"stat.pickup.tconstruct.seared":25,"stat.chestOpened":539,"stat.pickup.sky_orchards.resin_redstone":1,"stat.pickup.minecraft.wooden_pressure_plate":9,"stat.craftItem.minecraft.quartz_block":4,"stat.useItem.minecraft.clay":7,"stat.craftItem.minecraft.coal":85,"stat.useItem.xlfoodmod.raw_corn":9,"stat.craftItem.uppers.upper":1,"stat.useItem.sky_orchards.sapling_gravel":1,"stat.pickup.minecraft.carrot":23,"stat.crouchOneCm":64789,"stat.mineBlock.minecraft.chest":9,"stat.craftItem.minecraft.diamond":81,"stat.craftItem.minecraft.iron_ingot":451,"stat.pickup.bonsaitrees.bonsaipot":40,"stat.craftItem.minecraft.hopper":70,"stat.pickup.sky_orchards.resin_lapis":6,"stat.craftingTableInteraction":100,"stat.mineBlock.tconstruct.rack":8,"stat.craftItem.tconstruct.pattern":71,"stat.pickup.sky_orchards.acorn_redstone":2,"stat.mineBlock.tconstruct.smeltery_io":2,"stat.pickup.minecraft.dye":70,"stat.pickup.minecraft.planks":42,"stat.mineBlock.cyclicmagic.melter":3,"stat.pickup.sky_orchards.resin_iron":39,"stat.pickup.minecraft.wheat_seeds":15,"stat.drop.minecraft.soul_sand":1,"stat.pickup.storagenetwork.ex_kabel":1,"stat.mineBlock.minecraft.dirt":5,"stat.pickup.sky_orchards.acorn_iron":48,"stat.pickup.sky_orchards.sapling_iron":15,"stat.pickup.inspirations.carrot_seeds":2,"stat.useItem.minecraft.cobblestone":98,"stat.drop.tconstruct.soil":48,"stat.mineBlock.sky_orchards.sapling_clay":1,"stat.pickup.sky_orchards.resin_gravel":8,"stat.useItem.tconstruct.pickaxe":32,"stat.useItem.slabmachines.furnace_slab":2,"stat.drop.minecraft.sapling":4,"stat.pickup.minecraft.hopper":4,"stat.pickup.minecraft.apple":32,"stat.pickup.slabmachines.workbench_slab":5,"stat.craftItem.enderutilities.enderpart":4,"stat.craftItem.minecraft.bucket":2,"stat.craftItem.minecraft.planks":688,"stat.craftItem.minecraft.dirt":88,"stat.pickup.morecauldrons.oak_cauldron":1,"stat.craftItem.rustic.fertile_soil":65,"stat.mineBlock.minecraft.log":1,"stat.pickup.rustic.sapling_apple":6,"stat.craftItem.storagenetwork.master":2,"stat.pickup.minecraft.red_flower":6,"stat.useItem.minecraft.wooden_axe":15,"stat.craftItem.minecraft.cobblestone":33,"stat.cakeSlicesEaten":4,"stat.craftItem.minecraft.diamond_leggings":1,"stat.useItem.minecraft.iron_axe":87,"stat.mineBlock.minecraft.cobblestone":49,"stat.useItem.tconstruct.mattock":54,"stat.drop.tconstruct.slime_sapling":1,"stat.pickup.minecraft.flint":4,"stat.mineBlock.minecraft.yellow_flower":15,"stat.killEntity.Human":7,"stat.drop.sky_orchards.resin_coal":2,"stat.craftItem.minecraft.wool":8,"stat.pickup.pickletweaks.coal_piece":11,"stat.drop.minecraft.cobblestone":4,"stat.mineBlock.morecauldrons.oak_cauldron":1,"stat.useItem.minecraft.stone_slab2":221,"stat.useItem.tconstruct.cleaver":1,"stat.craftItem.minecraft.furnace":11,"stat.pickup.tp.cobblegen_block":3,"stat.mineBlock.sky_orchards.leaves_dirt":11,"stat.craftItem.sky_orchards.amber_gold":45,"stat.mineBlock.minecraft.clay":8,"stat.flyOneCm":195136,"stat.craftItem.storagenetwork.ex_kabel":4,"stat.mineBlock.sky_orchards.leaves_coal":1,"stat.mineBlock.morecauldrons.cobble_cauldron":2,"stat.timeSinceDeath":147076,"stat.useItem.minecraft.wooden_slab":279,"stat.craftItem.tconstruct.seared":121,"stat.pickup.thermaldynamics.duct_0":4,"stat.useItem.tconstruct.rack":3,"stat.killEntity.Creeper":2,"stat.useItem.tp.toasted_bread":1,"stat.pickup.minecraft.string":10,"stat.pickup.sky_orchards.amber_iron":1,"stat.mineBlock.minecraft.ladder":1,"stat.drop.sky_orchards.amber_redstone":1,"stat.mineBlock.rustic.sapling_apple":2,"stat.drop.sky_orchards.acorn_petrified":1,"stat.drop.minecraft.obsidian":1,"stat.craftItem.tconstruct.stone_stick":8,"stat.useItem.sky_orchards.sapling_petrified":14,"stat.craftItem.tconstruct.tooltables":29,"stat.sprintOneCm":202093,"stat.mineBlock.minecraft.stone_slab":11,"stat.craftItem.minecraft.wooden_axe":1,"stat.useItem.carryon.tile_item":3,"stat.mineBlock.sky_orchards.leaves_petrified":194,"stat.drop.tconstruct.cleaver":1,"stat.pickup.sky_orchards.leaves_gravel":1,"stat.pickup.inspirations.wooden_crook":1,"stat.craftItem.minecraft.wooden_pressure_plate":1,"stat.useItem.minecraft.ladder":17,"stat.mineBlock.bonsaitrees.bonsaipot":36,"stat.pickup.minecraft.iron_block":1,"stat.killEntity.Zombie":3,"stat.craftItem.minecraft.dye":1200,"stat.useItem.animalcrops.seeds":1,"stat.pickup.minecraft.wheat":18,"stat.pickup.tconstruct.tooltables":5,"stat.craftItem.minecraft.ladder":27,"stat.mineBlock.clickmachine.auto_clicker":2,"stat.useItem.bonsaitrees.bonsaipot":60,"stat.pickup.minecraft.obsidian":2,"stat.pickup.storagenetwork.kabel":21,"stat.pickup.sky_orchards.resin_clay":35,"stat.jump":2029,"stat.useItem.minecraft.sand":20,"stat.pickup.minecraft.iron_ingot":1,"stat.craftItem.minecraft.lever":2,"stat.pickup.minecraft.gunpowder":1,"stat.craftItem.minecraft.torch":52,"stat.pickup.minecraft.dirt":50,"stat.pickup.tconstruct.slime_grass":1,"stat.damageTaken":1819,"stat.mineBlock.minecraft.torch":21,"stat.mineBlock.minecraft.red_flower":7,"stat.drop.sky_orchards.sapling_gravel":1,"stat.pickup.minecraft.log2":12,"stat.craftItem.integrateddynamics.coal_generator":4,"stat.craftItem.sky_orchards.amber_lead":128,"stat.useItem.sky_orchards.amber_iron":1,"stat.pickup.sky_orchards.sapling_clay":31,"stat.useItem.storagenetwork.storage_kabel":27,"stat.craftItem.minecraft.stone_slab":180,"stat.craftItem.sky_orchards.amber_petrified":144,"stat.animalsBred":1,"stat.useItem.minecraft.chest":63,"stat.craftItem.tconstruct.smeltery_io":2,"stat.pickup.sky_orchards.sapling_bone":4,"stat.pickup.sky_orchards.leaves_sand":3,"stat.useItem.minecraft.lava_bucket":5,"stat.craftItem.sky_orchards.amber_silver":45,"stat.useItem.tconstruct.faucet":2,"stat.drop.inspirations.wooden_crook":2,"stat.craftItem.rustic.crushing_tub":2,"stat.pickup.minecraft.ender_pearl":3,"stat.pickup.minecraft.ladder":1,"stat.mobKills":28,"stat.pickup.minecraft.beetroot_seeds":3,"stat.pickup.minecraft.torch":96,"stat.drop.minecraft.stone_axe":1,"stat.mineBlock.tp.cobblegen_block":3,"stat.useItem.inspirations.sugar_cane_seeds":2,"stat.craftItem.minecraft.iron_axe":1,"stat.useItem.minecraft.planks":2,"stat.craftItem.sky_orchards.sapling_petrified":1,"stat.pickup.minecraft.blaze_powder":3,"stat.craftItem.horsepower.hand_grindstone":2,"stat.pickup.rustic.chair_oak":2,"stat.useItem.minecraft.water_bucket":15,"stat.pickup.minecraft.sand":16,"stat.craftItem.inspirations.carrot_seeds":1,"stat.craftItem.tconstruct.casting":6,"stat.mineBlock.minecraft.sand":16,"stat.pickup.storagenetwork.request":1,"stat.hopperInspected":6,"stat.pickup.tconstruct.slime_sapling":1,"stat.pickup.integrateddynamics.menril_leaves":1,"stat.drop.ceramics.clay_bucket":1,"stat.pickup.xlfoodmod.lettuce_seeds":1,"stat.pickup.tconstruct.cleaver":1,"stat.craftItem.thermalfoundation.material":142,"stat.useItem.minecraft.redstone":2,"stat.useItem.thermaldynamics.duct_0":4,"stat.mineBlock.storagenetwork.kabel":11,"stat.craftItem.minecraft.sand":153,"stat.pickup.minecraft.pumpkin_seeds":2,"stat.useItem.minecraft.hopper":3,"stat.useItem.storagenetwork.kabel":94,"stat.playOneMinute":444186,"stat.useItem.rustic.fertile_soil":4,"stat.pickup.tconstruct.rack":6,"stat.useItem.sky_orchards.acorn_dirt":10,"stat.mineBlock.storagenetwork.request":1,"stat.pickup.minecraft.netherrack":1,"stat.craftItem.darkutils.trap_move":152,"stat.pickup.tconstruct.casting":7,"stat.drop.minecraft.hopper":2,"stat.craftItem.minecraft.carpet":6,"stat.craftItem.tp.cobblegen_block":3,"stat.craftItem.storagenetwork.kabel":120,"stat.pickup.sky_orchards.acorn_petrified":70,"stat.useItem.inspirations.wooden_crook":199,"stat.pickup.sky_orchards.resin_sand":11,"stat.mineBlock.tconstruct.faucet":3,"stat.pickup.rustic.leaves_apple":5,"stat.craftItem.minecraft.iron_hoe":1,"stat.fallOneCm":174316,"stat.drop.minecraft.dye":195,"stat.pickup.minecraft.melon_seeds":1,"stat.craftItem.tconstruct.toolforge":2,"stat.craftItem.minecraft.chest":202,"stat.mineBlock.minecraft.lever":2,"stat.useItem.minecraft.iron_hoe":11,"stat.pickup.sky_orchards.sapling_sand":12,"stat.drop.minecraft.leaves2":17,"stat.pickup.sky_orchards.leaves_redstone":1,"stat.craftItem.tconstruct.materials":51,"stat.pickup.rustic.fertile_soil":30,"stat.craftItem.integrateddynamics.crystalized_menril_block":16,"stat.pickup.slabmachines.furnace_slab":2,"stat.mineBlock.sky_orchards.sapling_petrified":1,"stat.craftItem.sky_orchards.amber_tin":2,"stat.drop.advancementbook.advancement_book":1,"stat.craftItem.integrateddynamics.squeezer":2,"stat.useItem.minecraft.torch":69,"stat.mineBlock.sky_orchards.sapling_dirt":3,"stat.pickup.sky_orchards.leaves_clay":7,"stat.pickup.advancementbook.advancement_book":2,"stat.useItem.minecraft.log":12,"stat.craftItem.minecraft.crafting_table":21,"stat.mineBlock.sky_orchards.sapling_coal":2,"stat.pickup.minecraft.log":201,"stat.useItem.storagenetwork.ex_kabel":3,"stat.mineBlock.rustic.fertile_soil":4,"stat.useItem.sky_orchards.acorn_iron":3,"stat.drop.sky_orchards.acorn_gravel":3,"stat.pickup.matteroverdrive.rogue_android_part":1,"stat.pickup.sky_orchards.acorn_sand":30,"stat.pickup.minecraft.sapling":16,"stat.mineBlock.minecraft.iron_block":1,"stat.drop.minecraft.clay":1,"stat.killEntity.rogue_android":2,"stat.pickup.minecraft.diamond_helmet":1,"stat.useItem.minecraft.wooden_pressure_plate":8,"stat.craftItem.thermaldynamics.duct_0":12,"stat.mineBlock.sky_orchards.log_clay":10,"stat.craftItem.minecraft.flower_pot":1,"stat.pickup.sky_orchards.acorn_lapis":5,"stat.craftItem.minecraft.sugar":10,"stat.useItem.integrateddynamics.menril_berries":1,"stat.drop.tconstruct.hatchet":2,"stat.sneakTime":20246,"stat.pickup.minecraft.stone_slab":5,"stat.pickup.minecraft.yellow_flower":15,"stat.useItem.sky_orchards.sapling_dirt":2,"stat.drop.minecraft.wooden_axe":1,"stat.pickup.minecraft.chest":15,"stat.pickup.clickmachine.auto_clicker":2,"stat.craftItem.minecraft.diamond_chestplate":1,"stat.pickup.minecraft.bone":4,"stat.mineBlock.sky_orchards.leaves_gravel":5,"stat.craftItem.tconstruct.faucet":6,"stat.pickup.sky_orchards.resin_dirt":85,"stat.craftItem.sky_orchards.amber_iron":358,"stat.swimOneCm":15006,"stat.climbOneCm":17215,"stat.craftItem.inspirations.stone_crook":3,"stat.useItem.minecraft.dirt":33,"stat.drop.minecraft.quartz":2,"stat.entityKilledBy.ranged_rogue_android":2,"stat.craftItem.minecraft.bone_block":176,"stat.pickup.minecraft.cobblestone":298,"stat.pickup.minecraft.clay":1,"stat.useItem.rustic.chair_oak":1,"stat.pickup.sky_orchards.resin_coal":13,"stat.craftItem.minecraft.wooden_slab":330,"stat.pickup.sky_orchards.sapling_petrified":52,"stat.pickup.minecraft.redstone":2,"stat.craftItem.minecraft.dispenser":1,"stat.drop.minecraft.log":6,"stat.killEntity.ranged_rogue_android":3,"stat.pickup.minecraft.wooden_axe":1,"stat.pickup.tconstruct.soil":8,"stat.useItem.sky_orchards.sapling_clay":7,"stat.mineBlock.storagenetwork.storage_kabel":1,"stat.useItem.xlfoodmod.coffee":1,"stat.craftItem.tconstruct.soil":450,"stat.pickup.tconstruct.smeltery_controller":1,"stat.craftItem.sky_orchards.sapling_netherrack":2,"stat.pickup.xlfoodmod.corn_seeds":53,"stat.mineBlock.sky_orchards.leaves_clay":10,"stat.craftItem.minecraft.stone_slab2":4,"stat.craftItem.tp.reinforced_obsidian_ingot":18,"stat.craftItem.minecraft.stick":96,"stat.useItem.minecraft.stone_slab":24,"stat.craftItem.minecraft.stone":123,"stat.pickup.integrateddynamics.menril_log":2,"stat.useItem.tconstruct.casting":1,"stat.craftItem.minecraft.clay_ball":272,"stat.mineBlock.minecraft.planks":1,"stat.drop":49,"stat.craftItem.sky_orchards.sapling_clay":2,"stat.useItem.tconstruct.seared":40,"stat.craftItem.minecraft.clay":124,"stat.pickup.integrateddynamics.crystalized_menril_chunk":1,"stat.craftItem.minecraft.piston":1,"stat.mineBlock.tconstruct.smeltery_controller":1,"stat.pickup.morecauldrons.cobble_cauldron":2,"stat.useItem.minecraft.apple":29,"stat.mineBlock.minecraft.deadbush":1,"stat.useItem.minecraft.carpet":2,"stat.pickup.sky_orchards.leaves_iron":13,"stat.craftItem.tconstruct.rack":10,"stat.pickup.minecraft.fence":10,"stat.useItem.tconstruct.tooltables":5,"stat.pickup.sky_orchards.sapling_redstone":1,"stat.useItem.tp.birthday_pickaxe":97,"stat.craftItem.bonsaitrees.bonsaipot":123,"stat.pickup.minecraft.spider_eye":3,"stat.craftItem.minecraft.flint_and_steel":1,"stat.pickup.inspirations.sugar_cane_seeds":6,"stat.mineBlock.tconstruct.tooltables":5,"stat.pickup.minecraft.leaves":3,"stat.mineBlock.minecraft.leaves2":5,"stat.craftItem.minecraft.iron_bars":32,"stat.pickup.mysticalagriculture.crafting":1,"stat.pickup.minecraft.reeds":4,"stat.pickup.storagenetwork.storage_kabel":1,"stat.damageDealt":6876,"stat.craftItem.minecraft.glass":88,"stat.craftItem.minecraft.cauldron":2,"stat.sleepInBed":1,"stat.craftItem.minecraft.gravel":112,"stat.pickup.sky_orchards.acorn_bone":2,"stat.walkOneCm":1196587,"stat.pickup.minecraft.stick":80,"stat.pickup.minecraft.clay_ball":32,"stat.craftItem.inspirations.wooden_crook":2,"stat.pickup.sky_orchards.acorn_clay":122,"stat.mineBlock.thermaldynamics.duct_0":1,"stat.pickup.cyclicmagic.melter":2,"stat.craftItem.minecraft.diamond_boots":2,"stat.pickup.sky_orchards.acorn_gravel":74,"stat.mineBlock.slabmachines.workbench_slab":5,"stat.mineBlock.rustic.chair_oak":2,"stat.craftItem.sky_orchards.amber_redstone":64,"stat.craftItem.minecraft.redstone":9,"stat.useItem.minecraft.leaves":2,"stat.pickup.sky_orchards.sapling_gravel":15,"stat.craftItem.integrateddynamics.energy_battery":11,"stat.killEntity.Skeleton":5,"stat.drop.sky_orchards.sapling_dirt":1,"stat.killEntity.Spider":3,"stat.drop.sky_orchards.resin_clay":1,"stat.craftItem.minecraft.fence":96,"stat.mineBlock.minecraft.leaves":3,"stat.craftItem.slabmachines.furnace_slab":8,"stat.mineBlock.tconstruct.seared":5,"stat.mineBlock.tconstruct.casting":7,"stat.pickup.minecraft.lava_bucket":4,"stat.pickup.sky_orchards.amber_redstone":1,"stat.craftItem.minecraft.brick":271,"stat.useItem.tconstruct.hatchet":24,"stat.useItem.rustic.apple_seeds":2,"stat.useItem.darkutils.trap_move":94}