{"stat.pickup.minecraft.wooden_slab":6,"stat.leaveGame":5,"stat.mineBlock.sky_orchards.leaves_gravel":5,"stat.pickup.minecraft.flint":4,"stat.drop.sky_orchards.resin_coal":2,"stat.pickup.sky_orchards.resin_dirt":77,"stat.pickup.pickletweaks.coal_piece":11,"stat.swimOneCm":531,"stat.pickup.tconstruct.faucet":1,"stat.useItem.minecraft.planks":1,"stat.craftItem.sky_orchards.sapling_petrified":1,"stat.drop.minecraft.cobblestone":4,"stat.mineBlock.sky_orchards.log_dirt":5,"stat.useItem.minecraft.dirt":5,"stat.useItem.minecraft.stone_slab2":51,"stat.craftItem.sky_orchards.amber_clay":43,"stat.craftItem.minecraft.furnace":4,"stat.craftItem.sky_orchards.sapling_gravel":2,"stat.pickup.sky_orchards.sapling_dirt":71,"stat.craftItem.minecraft.stone_axe":2,"stat.mineBlock.sky_orchards.leaves_dirt":11,"stat.pickup.minecraft.cobblestone":10,"stat.mineBlock.minecraft.wooden_slab":6,"stat.mineBlock.minecraft.clay":3,"stat.flyOneCm":7976,"stat.pickup.sky_orchards.resin_coal":3,"stat.craftItem.minecraft.wooden_slab":216,"stat.pickup.sky_orchards.resin_petrified":26,"stat.pickup.sky_orchards.sapling_petrified":52,"stat.timeSinceDeath":94856,"stat.drop.minecraft.log":6,"stat.useItem.minecraft.wooden_slab":192,"stat.furnaceInteraction":70,"stat.useItem.tconstruct.rack":3,"stat.useItem.sky_orchards.sapling_clay":7,"stat.useItem.tp.toasted_bread":1,"stat.craftItem.tconstruct.soil":48,"stat.craftItem.thermalfoundation.material":16,"stat.pickup.minecraft.string":1,"stat.craftItem.sky_orchards.acorn_dirt":6,"stat.pickup.sky_orchards.acorn_coal":17,"stat.mineBlock.sky_orchards.leaves_clay":10,"stat.drop.sky_orchards.acorn_petrified":1,"stat.craftItem.minecraft.stone_slab2":0,"stat.useItem.sky_orchards.sapling_petrified":14,"stat.craftItem.tconstruct.tooltables":10,"stat.pickup.sky_orchards.acorn_dirt":58,"stat.sprintOneCm":33898,"stat.pickup.sky_orchards.sapling_coal":3,"stat.craftItem.minecraft.stick":8,"stat.craftItem.minecraft.wooden_axe":1,"stat.useItem.carryon.tile_item":3,"stat.mineBlock.sky_orchards.leaves_petrified":194,"stat.craftItem.minecraft.sand":32,"stat.craftItem.minecraft.clay_ball":140,"stat.mineBlock.minecraft.planks":1,"stat.deaths":1,"stat.drop":15,"stat.playOneMinute":100615,"stat.pickup.tconstruct.rack":1,"stat.craftItem.sky_orchards.sapling_clay":2,"stat.useItem.sky_orchards.acorn_dirt":6,"stat.craftItem.minecraft.clay":6,"stat.pickup.tconstruct.seared":1,"stat.chestOpened":162,"stat.pickup.tconstruct.tooltables":2,"stat.pickup.tconstruct.casting":1,"stat.craftItem.tp.cobblegen_block":2,"stat.pickup.minecraft.wooden_pressure_plate":9,"stat.pickup.sky_orchards.acorn_petrified":70,"stat.useItem.bonsaitrees.bonsaipot":5,"stat.useItem.inspirations.wooden_crook":199,"stat.useItem.minecraft.clay":2,"stat.pickup.sky_orchards.resin_sand":1,"stat.craftItem.minecraft.coal":85,"stat.mineBlock.tconstruct.faucet":1,"stat.pickup.sky_orchards.resin_clay":35,"stat.jump":177,"stat.useItem.sky_orchards.sapling_gravel":1,"stat.craftItem.tconstruct.rack":10,"stat.fallOneCm":136580,"stat.pickup.minecraft.iron_ingot":1,"stat.craftItem.bonsaitrees.bonsaipot":15,"stat.crouchOneCm":13829,"stat.mineBlock.minecraft.chest":7,"stat.pickup.minecraft.spider_eye":1,"stat.craftItem.minecraft.chest":25,"stat.craftItem.minecraft.torch":4,"stat.pickup.minecraft.dirt":42,"stat.craftingTableInteraction":4,"stat.pickup.sky_orchards.sapling_sand":9,"stat.mineBlock.tconstruct.rack":1,"stat.mineBlock.tconstruct.tooltables":2,"stat.craftItem.tconstruct.pattern":51,"stat.damageTaken":554,"stat.mineBlock.minecraft.torch":5,"stat.craftItem.tconstruct.materials":3,"stat.drop.sky_orchards.sapling_gravel":1,"stat.pickup.minecraft.dye":1,"stat.pickup.minecraft.planks":42,"stat.mineBlock.sky_orchards.sapling_petrified":1,"stat.pickup.sky_orchards.sapling_clay":28,"stat.damageDealt":224,"stat.craftItem.minecraft.glass":5,"stat.mineBlock.minecraft.dirt":4,"stat.craftItem.minecraft.gravel":12,"stat.pickup.sky_orchards.acorn_bone":2,"stat.walkOneCm":301319,"stat.useItem.minecraft.torch":7,"stat.useItem.minecraft.chest":19,"stat.mineBlock.sky_orchards.sapling_dirt":3,"stat.pickup.sky_orchards.leaves_clay":7,"stat.pickup.minecraft.stick":22,"stat.pickup.sky_orchards.sapling_bone":4,"stat.useItem.minecraft.log":5,"stat.pickup.minecraft.clay_ball":12,"stat.craftItem.inspirations.wooden_crook":2,"stat.craftItem.minecraft.crafting_table":2,"stat.pickup.sky_orchards.acorn_clay":44,"stat.pickup.sky_orchards.leaves_sand":1,"stat.mineBlock.sky_orchards.sapling_coal":2,"stat.drop.tconstruct.soil":48,"stat.mineBlock.sky_orchards.sapling_clay":1,"stat.pickup.minecraft.log":95,"stat.drop.sky_orchards.acorn_gravel":3,"stat.pickup.sky_orchards.resin_gravel":5,"stat.craftItem.rustic.crushing_tub":2,"stat.pickup.sky_orchards.acorn_gravel":15,"stat.mineBlock.slabmachines.workbench_slab":2,"stat.useItem.tconstruct.pickaxe":3,"stat.useItem.slabmachines.furnace_slab":2,"stat.pickup.sky_orchards.acorn_sand":25,"stat.pickup.minecraft.sapling":2,"stat.pickup.sky_orchards.sapling_gravel":10,"stat.pickup.slabmachines.workbench_slab":2,"stat.drop.sky_orchards.sapling_dirt":1,"stat.craftItem.minecraft.planks":240,"stat.craftItem.minecraft.dirt":6,"stat.killEntity.Spider":1,"stat.drop.sky_orchards.resin_clay":1,"stat.craftItem.rustic.fertile_soil":3,"stat.useItem.minecraft.wooden_pressure_plate":8,"stat.mobKills":1,"stat.mineBlock.sky_orchards.log_clay":10,"stat.craftItem.slabmachines.furnace_slab":8,"stat.pickup.minecraft.torch":5,"stat.mineBlock.tconstruct.seared":1,"stat.sneakTime":4104,"stat.mineBlock.tconstruct.casting":1,"stat.drop.minecraft.stone_axe":1,"stat.useItem.minecraft.wooden_axe":15,"stat.craftItem.minecraft.brick":53,"stat.craftItem.minecraft.cobblestone":33,"stat.useItem.sky_orchards.sapling_dirt":2,"stat.drop.minecraft.wooden_axe":1,"stat.useItem.tconstruct.hatchet":20,"stat.pickup.minecraft.chest":13}