{"stat.mineBlock.sky_orchards.log_coal":108,"stat.drop.sky_orchards.resin_dirt":30,"stat.useItem.sky_orchards.sapling_cottonwood":1,"stat.leaveGame":5,"stat.mineBlock.sky_orchards.leaves_gravel":79,"stat.pickup.minecraft.flint":13,"stat.pickup.sky_orchards.resin_dirt":407,"stat.useItem.thermalfoundation.tool.axe_tin":485,"stat.pickup.pickletweaks.coal_piece":34,"stat.swimOneCm":1549,"stat.useItem.minecraft.planks":13,"stat.mineBlock.sky_orchards.log_dirt":263,"stat.craftItem.inspirations.stone_crook":6,"stat.useItem.sky_orchards.sapling_bone":18,"stat.useItem.minecraft.stone_slab2":34,"stat.pickup.sky_orchards.resin_cottonwood":1,"stat.pickup.minecraft.rotten_flesh":1,"stat.pickup.sky_orchards.sapling_dirt":345,"stat.craftItem.minecraft.stone_axe":17,"stat.mineBlock.sky_orchards.leaves_dirt":981,"stat.pickup.minecraft.cobblestone":7,"stat.flyOneCm":7020,"stat.mineBlock.sky_orchards.leaves_coal":59,"stat.pickup.sky_orchards.resin_coal":170,"stat.pickup.sky_orchards.resin_petrified":398,"stat.pickup.sky_orchards.sapling_petrified":128,"stat.timeSinceDeath":7674,"stat.drop.minecraft.log":28,"stat.mineBlock.sky_orchards.sapling_sand":4,"stat.drop.tconstruct.tooltables":1,"stat.pickup.minecraft.wooden_axe":1,"stat.pickup.thermalfoundation.material":2,"stat.furnaceInteraction":2,"stat.useItem.sky_orchards.sapling_clay":61,"stat.craftItem.thermalfoundation.tool.axe_tin":14,"stat.pickup.sky_orchards.acorn_coal":114,"stat.mineBlock.sky_orchards.leaves_clay":416,"stat.drop.sky_orchards.acorn_petrified":5,"stat.pickup.sky_orchards.sapling_cottonwood":3,"stat.drop.sky_orchards.acorn_dirt":25,"stat.useItem.sky_orchards.sapling_petrified":42,"stat.pickup.sky_orchards.acorn_dirt":233,"stat.sprintOneCm":90981,"stat.pickup.sky_orchards.sapling_coal":50,"stat.craftItem.minecraft.stick":24,"stat.craftItem.minecraft.wooden_axe":4,"stat.mineBlock.sky_orchards.leaves_petrified":493,"stat.pickup.sky_orchards.leaves_gravel":8,"stat.pickup.inspirations.wooden_crook":2,"stat.pickup.sky_orchards.leaves_coal":8,"stat.useItem.minecraft.dye":3,"stat.deaths":4,"stat.mineBlock.minecraft.planks":13,"stat.drop":22,"stat.pickup.sky_orchards.leaves_dirt":8,"stat.playOneMinute":167799,"stat.killEntity.Zombie":1,"stat.useItem.sky_orchards.sapling_sand":30,"stat.chestOpened":167,"stat.useItem.inspirations.stone_crook":1511,"stat.pickup.tconstruct.tooltables":1,"stat.pickup.inspirations.stone_crook":2,"stat.mineBlock.sky_orchards.leaves_bone":158,"stat.pickup.minecraft.stone_axe":2,"stat.pickup.sky_orchards.acorn_petrified":137,"stat.drop.minecraft.flint":4,"stat.useItem.inspirations.wooden_crook":724,"stat.pickup.sky_orchards.resin_sand":322,"stat.pickup.sky_orchards.resin_clay":423,"stat.jump":416,"stat.useItem.sky_orchards.sapling_gravel":4,"stat.fallOneCm":204456,"stat.useItem.minecraft.stone_axe":731,"stat.crouchOneCm":32965,"stat.craftItem.minecraft.chest":8,"stat.mineBlock.sky_orchards.log_sand":202,"stat.craftItem.minecraft.torch":16,"stat.pickup.minecraft.dirt":42,"stat.mineBlock.sky_orchards.sapling_bone":4,"stat.craftingTableInteraction":3,"stat.mineBlock.sky_orchards.leaves_sand":216,"stat.pickup.sky_orchards.resin_bone":109,"stat.pickup.sky_orchards.sapling_sand":97,"stat.damageTaken":1254,"stat.drop.sky_orchards.sapling_gravel":3,"stat.pickup.minecraft.dye":26,"stat.pickup.minecraft.planks":108,"stat.pickup.sky_orchards.sapling_clay":187,"stat.pickup.statues.blockplayerstatue":1,"stat.damageDealt":216,"stat.mineBlock.sky_orchards.log_bone":67,"stat.mineBlock.minecraft.dirt":43,"stat.pickup.sky_orchards.acorn_bone":60,"stat.walkOneCm":727358,"stat.useItem.minecraft.torch":3,"stat.useItem.minecraft.chest":7,"stat.playerKills":1,"stat.mineBlock.sky_orchards.sapling_dirt":4,"stat.pickup.sky_orchards.leaves_clay":6,"stat.pickup.minecraft.stick":49,"stat.pickup.sky_orchards.sapling_bone":53,"stat.useItem.minecraft.log":3,"stat.craftItem.inspirations.wooden_crook":16,"stat.pickup.sky_orchards.acorn_clay":220,"stat.pickup.sky_orchards.leaves_sand":7,"stat.useItem.sky_orchards.leaves_clay":1,"stat.mineBlock.sky_orchards.sapling_clay":6,"stat.pickup.minecraft.log":1330,"stat.mineBlock.sky_orchards.log_gravel":29,"stat.drop.sky_orchards.acorn_gravel":3,"stat.pickup.sky_orchards.resin_gravel":72,"stat.pickup.sky_orchards.acorn_gravel":58,"stat.drop.minecraft.planks":30,"stat.pickup.sky_orchards.acorn_sand":162,"stat.pickup.sky_orchards.sapling_gravel":22,"stat.drop.sky_orchards.sapling_dirt":79,"stat.pickup.thermalfoundation.tool.axe_tin":2,"stat.craftItem.minecraft.planks":288,"stat.mobKills":1,"stat.mineBlock.minecraft.log":8,"stat.mineBlock.sky_orchards.log_clay":281,"stat.drop.sky_orchards.acorn_clay":5,"stat.useItem.sky_orchards.sapling_coal":18,"stat.sneakTime":9261,"stat.useItem.minecraft.wooden_axe":93,"stat.craftItem.minecraft.cobblestone":26,"stat.useItem.sky_orchards.sapling_dirt":56,"stat.mineBlock.sky_orchards.log_petrified":276}