{"stat.mineBlock.sky_orchards.log_coal":51,"stat.craftItem.sky_orchards.sapling_cottonwood":1,"stat.craftItem.sky_orchards.sapling_sand":1,"stat.pickup.minecraft.wooden_slab":57,"stat.leaveGame":3,"stat.pickup.xlfoodmod.coffee":1,"stat.useItem.thermalfoundation.tool.axe_tin":641,"stat.useItem.minecraft.planks":7,"stat.mineBlock.sky_orchards.log_dirt":56,"stat.pickup.sky_orchards.resin_cottonwood":27,"stat.drop.sky_orchards.sapling_petrified":1,"stat.pickup.minecraft.rotten_flesh":2,"stat.pickup.sky_orchards.sapling_dirt":198,"stat.craftItem.minecraft.stone_axe":4,"stat.mineBlock.minecraft.wooden_slab":58,"stat.craftItem.tconstruct.casting":1,"stat.pickup.sky_orchards.resin_petrified":66,"stat.furnaceInteraction":136,"stat.craftItem.thermalfoundation.material":18,"stat.craftItem.sky_orchards.acorn_dirt":2,"stat.drop.minecraft.wooden_pressure_plate":1,"stat.pickup.sky_orchards.acorn_coal":136,"stat.drop.sky_orchards.acorn_dirt":4,"stat.pickup.sky_orchards.acorn_dirt":198,"stat.pickup.sky_orchards.sapling_coal":42,"stat.craftItem.minecraft.sand":55,"stat.craftItem.morecauldrons.cobble_cauldron":1,"stat.useItem.minecraft.dye":8,"stat.deaths":8,"stat.playOneMinute":275964,"stat.useItem.sky_orchards.acorn_dirt":1,"stat.drop.minecraft.torch":1,"stat.drop.minecraft.iron_ingot":2,"stat.useItem.sky_orchards.sapling_sand":62,"stat.pickup.tconstruct.seared":1,"stat.chestOpened":548,"stat.pickup.inspirations.stone_crook":1,"stat.pickup.tp.toasted_bread":1,"stat.pickup.minecraft.arrow":2,"stat.pickup.minecraft.wooden_pressure_plate":7,"stat.pickup.sky_orchards.acorn_petrified":106,"stat.useItem.inspirations.wooden_crook":411,"stat.useItem.minecraft.clay":18,"stat.pickup.sky_orchards.resin_sand":407,"stat.craftItem.minecraft.coal":55,"stat.useItem.sky_orchards.sapling_gravel":27,"stat.fallOneCm":469974,"stat.crouchOneCm":92284,"stat.craftItem.minecraft.iron_ingot":1,"stat.craftingTableInteraction":12,"stat.mineBlock.minecraft.wooden_pressure_plate":9,"stat.mineBlock.sky_orchards.leaves_sand":54,"stat.pickup.sky_orchards.sapling_sand":169,"stat.craftItem.tconstruct.materials":113,"stat.pickup.minecraft.dye":100,"stat.pickup.minecraft.planks":8,"stat.craftItem.tconstruct.seared_tank":2,"stat.useItem.minecraft.stone_pickaxe":2,"stat.mineBlock.sky_orchards.log_bone":197,"stat.mineBlock.minecraft.dirt":12,"stat.drop.advancementbook.advancement_book":3,"stat.craftItem.sky_orchards.amber_tin":35,"stat.drop.minecraft.stick":2,"stat.useItem.minecraft.torch":34,"stat.pickup.sky_orchards.leaves_clay":1,"stat.drop.minecraft.rotten_flesh":1,"stat.pickup.advancementbook.advancement_book":1,"stat.craftItem.minecraft.crafting_table":3,"stat.craftItem.ceramics.clay_bucket":3,"stat.pickup.minecraft.log":885,"stat.drop.sky_orchards.acorn_gravel":1,"stat.pickup.sky_orchards.resin_gravel":204,"stat.pickup.matteroverdrive.rogue_android_part":1,"stat.pickup.sky_orchards.acorn_sand":354,"stat.craftItem.tconstruct.smeltery_controller":1,"stat.mineBlock.sky_orchards.sapling_gravel":1,"stat.craftItem.minecraft.planks":568,"stat.craftItem.minecraft.dirt":73,"stat.mineBlock.sky_orchards.log_clay":22,"stat.useItem.sky_orchards.sapling_coal":15,"stat.sneakTime":20521,"stat.mineBlock.sky_orchards.log_cottonwood":16,"stat.useItem.minecraft.wooden_axe":86,"stat.craftItem.slabmachines.workbench_slab":4,"stat.craftItem.minecraft.cobblestone":23,"stat.useItem.sky_orchards.sapling_dirt":7,"stat.drop.minecraft.wooden_axe":1,"stat.pickup.minecraft.bone":1,"stat.craftItem.ceramics.unfired_clay":3,"stat.mineBlock.sky_orchards.leaves_gravel":142,"stat.pickup.minecraft.flint":65,"stat.craftItem.tconstruct.faucet":2,"stat.pickup.sky_orchards.resin_dirt":225,"stat.drop.thermalfoundation.material":2,"stat.craftItem.minecraft.wool":2,"stat.pickup.pickletweaks.coal_piece":16,"stat.craftItem.sky_orchards.amber_iron":2,"stat.swimOneCm":1449,"stat.drop.minecraft.cobblestone":3,"stat.craftItem.inspirations.stone_crook":11,"stat.useItem.sky_orchards.sapling_bone":26,"stat.useItem.minecraft.dirt":41,"stat.useItem.minecraft.stone_slab2":61,"stat.craftItem.sky_orchards.sapling_bone":4,"stat.craftItem.minecraft.stone_pickaxe":1,"stat.mineBlock.sky_orchards.leaves_dirt":149,"stat.pickup.minecraft.cobblestone":10,"stat.mineBlock.minecraft.clay":20,"stat.flyOneCm":18481,"stat.mineBlock.sky_orchards.leaves_coal":151,"stat.pickup.sky_orchards.resin_coal":80,"stat.craftItem.minecraft.wooden_slab":1254,"stat.pickup.sky_orchards.sapling_petrified":74,"stat.mineBlock.morecauldrons.cobble_cauldron":1,"stat.timeSinceDeath":49937,"stat.mineBlock.sky_orchards.leaves_cottonwood":100,"stat.useItem.minecraft.wooden_slab":1236,"stat.killEntity.ranged_rogue_android":1,"stat.useItem.slabmachines.workbench_slab":2,"stat.pickup.minecraft.wooden_axe":2,"stat.craftItem.tconstruct.seared":19,"stat.pickup.tconstruct.soil":48,"stat.useItem.tconstruct.rack":2,"stat.drop.sky_orchards.sapling_bone":2,"stat.drop.sky_orchards.sapling_cottonwood":5,"stat.killEntity.Creeper":3,"stat.useItem.xlfoodmod.coffee":2,"stat.craftItem.tconstruct.soil":80,"stat.pickup.minecraft.string":9,"stat.craftItem.thermalfoundation.tool.axe_tin":18,"stat.mineBlock.sky_orchards.leaves_clay":36,"stat.craftItem.minecraft.stone_slab2":0,"stat.pickup.sky_orchards.sapling_cottonwood":12,"stat.craftItem.tconstruct.stone_stick":20,"stat.craftItem.tconstruct.tooltables":1,"stat.sprintOneCm":456389,"stat.drop.thermalfoundation.tool.axe_tin":2,"stat.craftItem.minecraft.stick":124,"stat.craftItem.minecraft.wooden_axe":5,"stat.useItem.carryon.tile_item":1,"stat.mineBlock.sky_orchards.leaves_petrified":287,"stat.pickup.sky_orchards.leaves_gravel":5,"stat.pickup.inspirations.wooden_crook":1,"stat.craftItem.minecraft.wooden_pressure_plate":9,"stat.mineBlock.minecraft.planks":4,"stat.drop":38,"stat.useItem.tconstruct.seared":16,"stat.killEntity.Zombie":1,"stat.craftItem.minecraft.clay":20,"stat.useItem.inspirations.stone_crook":433,"stat.pickup.tconstruct.tooltables":1,"stat.pickup.sky_orchards.acorn_cottonwood":13,"stat.mineBlock.sky_orchards.leaves_bone":72,"stat.pickup.minecraft.stone_axe":1,"stat.pickup.morecauldrons.cobble_cauldron":1,"stat.craftItem.sky_orchards.sapling_coal":4,"stat.pickup.sky_orchards.resin_clay":47,"stat.jump":579,"stat.craftItem.tconstruct.rack":3,"stat.pickup.minecraft.iron_ingot":1,"stat.useItem.minecraft.stone_axe":166,"stat.pickup.minecraft.gunpowder":4,"stat.craftItem.minecraft.torch":152,"stat.mineBlock.sky_orchards.log_sand":262,"stat.pickup.minecraft.dirt":15,"stat.pickup.sky_orchards.resin_bone":295,"stat.drop.inspirations.stone_crook":2,"stat.mineBlock.tconstruct.tooltables":1,"stat.damageTaken":2982,"stat.mineBlock.minecraft.torch":4,"stat.pickup.sky_orchards.sapling_clay":57,"stat.damageDealt":1491,"stat.craftItem.minecraft.glass":3,"stat.craftItem.minecraft.gravel":20,"stat.pickup.sky_orchards.acorn_bone":209,"stat.walkOneCm":823642,"stat.useItem.morecauldrons.oak_cauldron":1,"stat.craftItem.tconstruct.smeltery_io":2,"stat.pickup.minecraft.stick":19,"stat.pickup.sky_orchards.sapling_bone":113,"stat.pickup.minecraft.clay_ball":80,"stat.craftItem.inspirations.wooden_crook":14,"stat.pickup.sky_orchards.acorn_clay":94,"stat.pickup.sky_orchards.leaves_sand":1,"stat.craftItem.sky_orchards.amber_gravel":2,"stat.craftItem.morecauldrons.oak_cauldron":3,"stat.mineBlock.sky_orchards.log_gravel":130,"stat.drop.inspirations.wooden_crook":3,"stat.pickup.sky_orchards.acorn_gravel":190,"stat.pickup.sky_orchards.sapling_gravel":110,"stat.killEntity.Skeleton":1,"stat.mobKills":6,"stat.pickup.minecraft.torch":5,"stat.drop.sky_orchards.acorn_clay":2,"stat.mineBlock.tconstruct.seared":1,"stat.craftItem.minecraft.brick":7,"stat.mineBlock.sky_orchards.log_petrified":35}